0.1,0.1,1623.6,1621,1621,0,0.01,0,0,0.01,1
0.2,0.1,1638.3,1621.7,1621,2.7199,0.016428,0.0008173,0.0008173,0.019991,1
0.31,0.1,1617.7,1622.6,1621.4,5.4477,0.020641,0.0021697,0.0021697,0.029919,1
0.4,0.1,1619.7,1623.3,1622.1,8.1913,0.023259,0.0038257,0.0038257,0.039687,1
0.5,0.1,1625,1624.8,1623,10.927,0.024892,0.0056349,0.0056349,0.049174,1
0.61,0.1,1619.8,1625.7,1624.3,13.697,0.025967,0.0075019,0.0075019,0.058254,1
0.7,0.1,1634.4,1627.5,1625.7,16.402,0.026736,0.0093598,0.0093598,0.066807,1
0.8,0.1,1620.3,1629.9,1627.4,19.127,0.027336,0.011157,0.011157,0.074736,1
0.9,0.1,1624,1632.1,1629.5,21.909,0.027835,0.012854,0.012854,0.081966,1
1,0.1,1629.3,1634.4,1631.8,24.663,0.028266,0.014421,0.014421,0.088457,1
1.1,0.1,1661.7,1637.1,1634.3,27.373,0.028644,0.01584,0.01584,0.094197,1
1.21,0.1,1648.7,1640.7,1637.1,30.068,0.028977,0.017102,0.017102,0.099202,1
1.3,0.1,1637.7,1644,1640.3,32.866,0.029267,0.018206,0.018206,0.10351,1
1.4,0.1,1653.9,1647,1643.7,35.61,0.029518,0.019159,0.019159,0.10717,1
1.5,0.1,1643.6,1650.9,1647.2,38.197,0.029733,0.01997,0.01997,0.11026,1
1.6,0.1,1684.3,1655.3,1651,40.822,0.029915,0.020654,0.020654,0.11283,1
1.71,0.1,1667.2,1660.4,1655.1,43.509,0.030068,0.021224,0.021224,0.11495,1
1.8,0.1,1652.1,1664.1,1659.8,46.351,0.030196,0.021695,0.021695,0.11668,1
1.9,0.1,1679,1669.5,1664.3,48.878,0.030301,0.022081,0.022081,0.11809,1
2,0.1,1663.8,1674.7,1669.3,51.539,0.030387,0.022395,0.022395,0.11922,1
2.1,0.1,1670.7,1679.8,1674.5,54.192,0.030458,0.022648,0.022648,0.12012,1
2.2,0.1,1667.1,1685.6,1679.9,56.717,0.030514,0.022851,0.022851,0.12083,1
2.3,0.1,1710.3,1691.3,1685.6,59.288,0.03056,0.023011,0.023011,0.12138,1
2.41,0.1,1719.7,1698.7,1691.4,61.777,0.030596,0.023136,0.023136,0.1218,1
2.5,0.1,1692.3,1704.6,1698,64.585,0.030624,0.023233,0.023233,0.12212,1
2.6,0.1,1704,1711.1,1704.5,67.138,0.030646,0.023306,0.023306,0.12234,1
2.7,0.1,1712.3,1718.2,1711.2,69.605,0.030663,0.023359,0.023359,0.1225,1
2.8,0.1,1732.7,1725.5,1718.1,72.108,0.030676,0.023398,0.023398,0.1226,1
2.91,0.1,1750.9,1733.4,1725.4,74.608,0.030685,0.023423,0.023423,0.12265,1
3,0.1,1743.4,1740.4,1733,77.196,0.030692,0.023438,0.023438,0.12266,1
3.1,0.1,1748.8,1748.5,1740.6,79.526,0.030696,0.023445,0.023445,0.12264,1
3.2,0.1,1750.1,1756.8,1748.5,81.917,0.030698,0.023445,0.023445,0.1226,1
3.3,0.1,1759.6,1764.7,1756.7,84.322,0.030699,0.023439,0.023439,0.12254,1
3.41,0.1,1780,1774.5,1765,86.576,0.030699,0.02343,0.02343,0.12246,1
3.5,0.1,1781.8,1782.7,1774,89.155,0.030697,0.023416,0.023416,0.12237,1
3.6,0.1,1825.1,1791.6,1782.8,91.463,0.030695,0.0234,0.0234,0.12227,1
3.7,0.1,1792,1801.4,1791.8,93.688,0.030692,0.023382,0.023382,0.12216,1
3.8,0.1,1809.6,1811.3,1801.3,96.028,0.030689,0.023362,0.023362,0.12205,1
3.91,0.1,1808,1821.4,1811,98.433,0.030686,0.023341,0.023341,0.12193,1
4,0.1,1843.9,1831.1,1821,100.83,0.030682,0.023318,0.023318,0.12181,1
4.11,0.1,1835.5,1842.1,1831.1,103.07,0.030677,0.023295,0.023295,0.12168,1
4.2,0.1,1859.4,1851.5,1841.7,105.47,0.030673,0.023271,0.023271,0.12155,1
4.3,0.1,1864.9,1861.9,1852,107.48,0.030669,0.023246,0.023246,0.12142,1
4.4,0.1,1881.7,1873.7,1862.4,109.46,0.030664,0.023221,0.023221,0.12129,1
4.5,0.1,1894.7,1884.2,1873.5,111.69,0.030659,0.023196,0.023196,0.12116,1
4.6,0.1,1905.7,1896,1884.5,113.7,0.030654,0.023171,0.023171,0.12103,1
4.7,0.1,1919.5,1907.6,1895.9,115.87,0.030649,0.023146,0.023146,0.12091,1
4.81,0.1,1934.1,1920.4,1907.5,117.97,0.030645,0.023121,0.023121,0.12078,1
4.9,0.1,1937.7,1930.8,1919.7,120.31,0.03064,0.023096,0.023096,0.12065,1
5,0.1,1931.7,1943,1931.4,122.12,0.030635,0.023071,0.023071,0.12052,1
5.1,0.1,1938.5,1955.5,1943.4,123.98,0.03063,0.023047,0.023047,0.1204,1
5.2,0.1,1974.2,1968.1,1955.7,125.9,0.030625,0.023022,0.023022,0.12027,1
5.31,0.1,1984.3,1981.4,1968.2,127.83,0.030621,0.022998,0.022998,0.12015,1
5.4,0.1,2012.5,1993.5,1981.2,129.89,0.030616,0.022974,0.022974,0.12003,1
5.5,0.1,2021.2,2007.3,1993.9,131.67,0.030611,0.02295,0.02295,0.11991,1
5.6,0.1,2034.8,2020.2,2007.2,133.63,0.030607,0.022927,0.022927,0.11979,1
5.7,0.1,2021.7,2033.7,2020.4,135.44,0.030602,0.022904,0.022904,0.11967,1
5.81,0.1,2047.4,2049.2,2033.9,137.23,0.030598,0.022881,0.022881,0.11956,1
5.9,0.1,2046.8,2061.1,2048.1,139.47,0.030593,0.022858,0.022858,0.11944,1
6,0.1,2068.3,2076.2,2061.7,141.03,0.030589,0.022835,0.022835,0.11933,1
6.1,0.1,2071,2089.7,2076,142.89,0.030584,0.022813,0.022813,0.11921,1
6.2,0.1,2129.5,2104.6,2090.1,144.53,0.03058,0.022791,0.022791,0.1191,1
6.31,0.1,2111.6,2120,2104.5,146.28,0.030576,0.022769,0.022769,0.11899,1
6.4,0.1,2138.9,2134.3,2119.4,148.21,0.030571,0.022747,0.022747,0.11888,1
6.5,0.1,2148.9,2148.6,2134.3,149.92,0.030567,0.022726,0.022726,0.11877,1
6.6,0.1,2145.2,2164,2149.1,151.42,0.030563,0.022704,0.022704,0.11867,1
6.7,0.1,2172.5,2179,2164.1,153.02,0.030559,0.022684,0.022684,0.11856,1
6.81,0.1,2198.6,2196.4,2179.3,154.52,0.030555,0.022663,0.022663,0.11846,1
6.9,0.1,2207.6,2210.5,2195.3,156.55,0.030551,0.022643,0.022643,0.11836,1
7,0.1,2228.1,2226.4,2210.8,158,0.030547,0.022623,0.022623,0.11826,1
7.1,0.1,2247.1,2242.1,2226.5,159.5,0.030543,0.022603,0.022603,0.11816,1
7.2,0.1,2245.4,2258,2242.3,160.93,0.030539,0.022584,0.022584,0.11806,1
7.31,0.1,2284.9,2276.1,2258.3,162.31,0.030535,0.022565,0.022565,0.11796,1
7.4,0.1,2277.9,2291.5,2275,164.2,0.030531,0.022546,0.022546,0.11787,1
7.5,0.1,2300.2,2307.5,2291.5,165.67,0.030528,0.022527,0.022527,0.11778,1
7.6,0.1,2313.6,2323.9,2307.8,166.95,0.030524,0.022509,0.022509,0.11768,1
7.7,0.1,2332.8,2340.7,2324.3,168.19,0.03052,0.022491,0.022491,0.11759,1
7.81,0.1,2365.4,2358.7,2341,169.47,0.030517,0.022473,0.022473,0.11751,1
7.9,0.1,2378.9,2374.6,2358.2,171.05,0.030513,0.022456,0.022456,0.11742,1
8,0.1,2377.5,2391.6,2375.1,172.21,0.03051,0.022439,0.022439,0.11734,1
8.1,0.1,2426.3,2409.3,2392.1,173.37,0.030507,0.022422,0.022422,0.11725,1
8.21,0.1,2426.6,2428,2409.4,174.65,0.030504,0.022406,0.022406,0.11717,1
8.3,0.1,2434.2,2444.1,2427.2,176.23,0.0305,0.022391,0.022391,0.11709,1
8.4,0.1,2470.2,2461.9,2444.6,177.3,0.030497,0.022375,0.022375,0.11702,1
8.5,0.1,2509.2,2480.3,2462.2,178.43,0.030494,0.022359,0.022359,0.11694,1
8.6,0.1,2509.4,2497.5,2480.1,179.72,0.030491,0.022344,0.022344,0.11686,1
8.7,0.1,2511.1,2515.5,2497.9,180.77,0.030488,0.02233,0.02233,0.11679,1
8.8,0.1,2539.6,2534,2515.8,181.84,0.030485,0.022315,0.022315,0.11672,1
8.9,0.1,2564,2553,2534,182.98,0.030482,0.022301,0.022301,0.11665,1
9,0.1,2561.9,2570.9,2552.5,184.29,0.03048,0.022287,0.022287,0.11658,1
9.1,0.1,2597.9,2589.4,2571,185.39,0.030477,0.022274,0.022274,0.11651,1
9.2,0.1,2615,2608.1,2589.5,186.46,0.030474,0.02226,0.02226,0.11644,1
9.3,0.1,2621.6,2626.9,2608.1,187.52,0.030472,0.022247,0.022247,0.11638,1
9.4,0.1,2627.1,2645.2,2626.9,188.58,0.030469,0.022234,0.022234,0.11631,1
9.5,0.1,2657.5,2664.5,2645.5,189.47,0.030466,0.022221,0.022221,0.11625,1
9.61,0.1,2684.9,2685.6,2664.5,190.49,0.030464,0.022209,0.022209,0.11619,1
9.7,0.1,2700.6,2702.8,2684.2,191.99,0.030461,0.022196,0.022196,0.11613,1
9.8,0.1,2730.4,2722.3,2703.2,192.81,0.030459,0.022184,0.022184,0.11606,1
9.9,0.1,2730.2,2741.4,2722.5,193.72,0.030457,0.022172,0.022172,0.116,1
10,0.1,2773.4,2760.7,2741.7,194.53,0.030454,0.02216,0.02216,0.11595,1
10.11,0.1,2762.8,2781.7,2761,195.34,0.030452,0.022149,0.022149,0.11589,1
10.2,0.1,2795.2,2800.4,2780.9,196.53,0.03045,0.022138,0.022138,0.11583,1
10.3,0.1,2826.9,2819.7,2800.5,197.35,0.030447,0.022127,0.022127,0.11578,1
10.4,0.1,2836.7,2839.7,2820.1,198.09,0.030445,0.022116,0.022116,0.11573,1
10.5,0.1,2869.4,2859.3,2839.8,198.87,0.030443,0.022106,0.022106,0.11568,1
10.61,0.1,2894.8,2881.6,2859.6,199.61,0.030441,0.022095,0.022095,0.11563,1
10.7,0.1,2895.6,2899.4,2880.2,200.93,0.030439,0.022086,0.022086,0.11558,1
10.8,0.1,2933.5,2919.7,2900,201.47,0.030437,0.022076,0.022076,0.11553,1
10.9,0.1,2928.5,2939.9,2920,202.14,0.030435,0.022066,0.022066,0.11548,1
11,0.1,2954.1,2960,2940.1,202.81,0.030433,0.022057,0.022057,0.11544,1
11.11,0.1,2969.2,2982.2,2960.2,203.45,0.030432,0.022048,0.022048,0.11539,1
11.2,0.1,2995.3,3000.2,2981.1,204.56,0.03043,0.02204,0.02204,0.11535,1
11.3,0.1,3035.1,3021.3,3001.1,204.92,0.030428,0.022031,0.022031,0.11531,1
11.4,0.1,3046.5,3041.9,3021.5,205.55,0.030426,0.022023,0.022023,0.11527,1
11.5,0.1,3073.9,3062.4,3042,206.19,0.030425,0.022015,0.022015,0.11523,1
11.61,0.1,3074,3085.4,3062.6,206.8,0.030423,0.022008,0.022008,0.11519,1
11.7,0.1,3103.1,3103.9,3084,207.96,0.030422,0.022,0.022,0.11516,1
11.8,0.1,3122.6,3124.7,3104.5,208.38,0.03042,0.021993,0.021993,0.11512,1
11.9,0.1,3138.7,3145.3,3125.1,208.82,0.030419,0.021985,0.021985,0.11508,1
12,0.1,3184.3,3166.4,3145.7,209.25,0.030417,0.021978,0.021978,0.11505,1
12.11,0.1,3200.3,3189.5,3166.6,209.79,0.030416,0.021972,0.021972,0.11502,1
12.2,0.1,3217.8,3208.4,3188.2,210.83,0.030415,0.021966,0.021966,0.11499,1
12.3,0.1,3229.9,3229.6,3209,211.17,0.030413,0.021959,0.021959,0.11495,1
12.4,0.1,3243.7,3251,3230,211.59,0.030412,0.021953,0.021953,0.11492,1
12.5,0.1,3263.1,3272.2,3251.1,212.1,0.030411,0.021947,0.021947,0.1149,1
12.61,0.1,3283.7,3295.4,3272.3,212.58,0.03041,0.021941,0.021941,0.11487,1
12.7,0.1,3315,3314.1,3294.2,213.55,0.030409,0.021936,0.021936,0.11484,0
12.8,0.1,3336.1,3335.2,3315,210.4,0.030407,0.02193,0.02193,0.11481,0
12.9,0.1,3359.3,3355.6,3335.8,207.45,0.030406,0.021929,0.021929,0.11482,0
13,0.1,3369.2,3376.1,3356.2,204.54,0.030406,0.021931,0.021931,0.11486,0
13.11,0.1,3415,3398.6,3376.5,201.76,0.030406,0.021938,0.021938,0.11492,0
13.2,0.1,3389.5,3416.2,3397.3,199.66,0.030407,0.021949,0.021949,0.115,0
13.3,0.1,3432.7,3436.4,3416.9,196.84,0.030409,0.021963,0.021963,0.11509,0
13.4,0.1,3447.2,3455.4,3436.5,194.28,0.030411,0.02198,0.02198,0.1152,0
13.5,0.1,3490.7,3474.7,3455.8,191.67,0.030414,0.022,0.022,0.11531,0
13.61,0.1,3500.7,3495.2,3474.8,189.19,0.030418,0.022022,0.022022,0.11544,0
13.7,0.1,3513.3,3511.9,3494.2,187.17,0.030422,0.022045,0.022045,0.11557,0
13.8,0.1,3522.6,3530.3,3512.6,184.55,0.030426,0.02207,0.02207,0.1157,0
13.9,0.1,3558.3,3548.3,3530.8,182.06,0.030431,0.022095,0.022095,0.11583,0
14,0.1,3557.6,3566.1,3548.8,179.61,0.030435,0.022122,0.022122,0.11597,0
14.11,0.1,3583,3586.3,3566.5,177.22,0.03044,0.022149,0.022149,0.11611,0
14.2,0.1,3610.4,3601.5,3584.9,175.54,0.030446,0.022176,0.022176,0.11626,0
14.3,0.1,3631.3,3618.9,3602.2,173.13,0.030451,0.022203,0.022203,0.11639,0
14.4,0.1,3609.7,3635.9,3619.3,170.86,0.030456,0.02223,0.02223,0.11653,0
14.5,0.1,3654.1,3653.4,3636.2,168.64,0.030461,0.022257,0.022257,0.11667,0
14.61,0.1,3671.3,3671.4,3653.2,166.65,0.030467,0.022285,0.022285,0.11681,0
14.7,0.1,3681.4,3686.2,3670.4,164.99,0.030472,0.022312,0.022312,0.11695,0
14.8,0.1,3678.4,3702.6,3686.7,162.8,0.030477,0.022338,0.022338,0.11708,0
14.9,0.1,3705.8,3718.5,3702.8,160.7,0.030482,0.022364,0.022364,0.11721,0
15,0.1,3726.5,3733.8,3718.8,158.65,0.030488,0.02239,0.02239,0.11734,0
15.11,0.1,3729.6,3751.6,3734.4,156.5,0.030493,0.022415,0.022415,0.11747,0
15.2,0.1,3752.4,3765.4,3750.5,154.99,0.030498,0.022441,0.022441,0.1176,0
15.3,0.1,3783,3780.9,3765.8,152.93,0.030503,0.022466,0.022466,0.11772,0
15.4,0.1,3799.7,3795.9,3781,151,0.030508,0.02249,0.02249,0.11784,0
15.5,0.1,3814,3811.1,3796,149.09,0.030512,0.022515,0.022515,0.11797,0
15.61,0.1,3838.7,3827,3811,147.31,0.030517,0.022539,0.022539,0.11809,0
15.7,0.1,3834.9,3840.4,3826.2,145.82,0.030522,0.022562,0.022562,0.11821,0
15.8,0.1,3849.9,3854.3,3840.6,143.94,0.030526,0.022585,0.022585,0.11832,0
15.9,0.1,3858.6,3868.3,3854.8,142.01,0.030531,0.022608,0.022608,0.11843,0
16,0.1,3870.7,3882.4,3868.8,140.1,0.030535,0.022631,0.022631,0.11855,0
16.1,0.1,3899.4,3897,3882.6,138.3,0.03054,0.022653,0.022653,0.11866,0
16.2,0.1,3924.7,3910.6,3896.7,136.74,0.030544,0.022675,0.022675,0.11877,0
16.3,0.1,3925.1,3923.2,3910.4,135.12,0.030549,0.022697,0.022697,0.11888,0
16.41,0.1,3936,3938.6,3923.7,133.27,0.030553,0.022719,0.022719,0.11899,0
16.5,0.1,3955.7,3950.5,3937.6,132.03,0.030557,0.02274,0.02274,0.1191,0
16.6,0.1,3950.7,3963.5,3950.7,130.33,0.030561,0.02276,0.02276,0.1192,0
16.7,0.1,3989,3976.5,3963.6,128.65,0.030565,0.022781,0.022781,0.1193,0
16.8,0.1,3987.9,3989.3,3976.5,127.06,0.030569,0.022801,0.022801,0.1194,0
16.91,0.1,3995.9,4002.6,3989.2,125.52,0.030573,0.022821,0.022821,0.1195,0
17,0.1,4007.1,4014.4,4002.1,124.15,0.030577,0.02284,0.02284,0.1196,0
17.1,0.1,4015.2,4026.3,4014.4,122.58,0.030581,0.022859,0.022859,0.1197,0
17.2,0.1,4023.7,4038.5,4026.6,120.93,0.030585,0.022878,0.022878,0.11979,0
17.3,0.1,4054.1,4050.7,4038.6,119.37,0.030588,0.022897,0.022897,0.11989,0
17.4,0.1,4055.8,4062.2,4050.6,117.9,0.030592,0.022916,0.022916,0.11998,0
17.5,0.1,4077.9,4073.8,4062.3,116.36,0.030596,0.022934,0.022934,0.12007,0
17.6,0.1,4075.1,4085.2,4073.9,114.83,0.030599,0.022952,0.022952,0.12017,0
17.7,0.1,4102.6,4096.9,4085.3,113.33,0.030603,0.02297,0.02297,0.12026,0
17.8,0.1,4099.7,4107.4,4096.7,111.93,0.030606,0.022988,0.022988,0.12035,0
17.9,0.1,4116.7,4118.9,4107.7,110.36,0.03061,0.023006,0.023006,0.12044,0
18,0.1,4136,4129.9,4118.8,108.97,0.030613,0.023024,0.023024,0.12053,0
18.1,0.1,4136.6,4140.8,4129.8,107.6,0.030617,0.023041,0.023041,0.12062,0
18.2,0.1,4144.1,4151.2,4140.6,106.25,0.03062,0.023058,0.023058,0.1207,0
18.3,0.1,4154,4162.2,4151.2,104.85,0.030623,0.023075,0.023075,0.12079,0
18.4,0.1,4159.9,4172.9,4161.9,103.59,0.030627,0.023092,0.023092,0.12087,0
18.5,0.1,4186.3,4182.7,4172.5,102.38,0.03063,0.023108,0.023108,0.12095,0
18.6,0.1,4210,4192.7,4182.7,101.03,0.030633,0.023124,0.023124,0.12103,0
18.7,0.1,4199.7,4202.5,4192.8,99.661,0.030636,0.02314,0.02314,0.12111,0
18.8,0.1,4205.8,4212,4202.7,98.253,0.030639,0.023156,0.023156,0.12119,0
18.9,0.1,4215.4,4222.1,4212.3,96.803,0.030642,0.023171,0.023171,0.12127,0
19,0.1,4245.3,4231.2,4222,95.493,0.030645,0.023187,0.023187,0.12135,0
19.1,0.1,4246.3,4241.1,4231.5,94.091,0.030648,0.023202,0.023202,0.12143,0
19.21,0.1,4250.3,4250.7,4240.9,92.84,0.030651,0.023218,0.023218,0.12151,0
19.3,0.1,4257.4,4259.5,4250.4,91.669,0.030654,0.023233,0.023233,0.12159,0
19.4,0.1,4265.9,4268.4,4259.5,90.36,0.030657,0.023248,0.023248,0.12166,0
19.5,0.1,4289,4277,4268.5,89.051,0.03066,0.023263,0.023263,0.12174,0
19.6,0.1,4296.5,4286.5,4277.3,87.685,0.030663,0.023278,0.023278,0.12182,0
19.71,0.1,4310.1,4295.6,4286.2,86.551,0.030666,0.023292,0.023292,0.12189,0
19.8,0.1,4299,4303.4,4295.1,85.488,0.030669,0.023307,0.023307,0.12196,0
19.9,0.1,4311.1,4311.6,4303.6,84.177,0.030672,0.023321,0.023321,0.12204,0
20,0.1,4298.7,4319.9,4311.9,82.842,0.030674,0.023335,0.023335,0.12211,0
20.1,0.1,4331.4,4328.4,4320.1,81.547,0.030677,0.023349,0.023349,0.12218,0
20.21,0.1,4343.9,4337.1,4328.3,80.368,0.03068,0.023363,0.023363,0.12225,0
20.3,0.1,4361.7,4344.4,4336.6,79.368,0.030682,0.023377,0.023377,0.12232,0
20.4,0.1,4358.9,4352.1,4344.5,78.12,0.030685,0.023391,0.023391,0.12239,0
20.5,0.1,4345.7,4359.8,4352.2,76.88,0.030688,0.023405,0.023405,0.12246,0
20.6,0.1,4358.1,4366.7,4359.9,75.661,0.03069,0.023418,0.023418,0.12253,0
20.71,0.1,4374.4,4375.5,4367.2,74.272,0.030693,0.023431,0.023431,0.1226,0
20.8,0.1,4378.8,4381.9,4374.9,73.321,0.030696,0.023445,0.023445,0.12267,0
20.9,0.1,4397.5,4389.5,4382.1,72.054,0.030698,0.023458,0.023458,0.12273,0
21,0.1,4384.2,4396.3,4389.4,70.943,0.030701,0.023471,0.023471,0.1228,0
21.1,0.1,4394.3,4403.2,4396.4,69.743,0.030703,0.023484,0.023484,0.12287,0
21.21,0.1,4410.1,4410.6,4403.3,68.519,0.030706,0.023497,0.023497,0.12293,0
21.3,0.1,4401.4,4417.5,4410.3,67.496,0.030708,0.02351,0.02351,0.123,0
21.4,0.1,4433.6,4423.8,4417.2,66.449,0.030711,0.023523,0.023523,0.12306,0
21.5,0.1,4431.8,4429.9,4423.8,65.31,0.030713,0.023536,0.023536,0.12313,0
21.6,0.1,4439.6,4436.5,4430.2,64.046,0.030716,0.023548,0.023548,0.12319,0
21.71,0.1,4442.5,4443.7,4436.6,62.889,0.030718,0.023561,0.023561,0.12326,0
21.8,0.1,4455.8,4448.9,4443.2,61.988,0.030721,0.023573,0.023573,0.12332,0
21.9,0.1,4456.8,4455.2,4449.2,60.763,0.030723,0.023585,0.023585,0.12338,0
22,0.1,4472.9,4460.8,4455.2,59.618,0.030725,0.023598,0.023598,0.12344,0
22.1,0.1,4455.4,4467.2,4461.1,58.42,0.030728,0.02361,0.02361,0.12351,0
22.21,0.1,4470.1,4472.8,4467,57.39,0.03073,0.023622,0.023622,0.12357,0
22.3,0.1,4482,4478.3,4472.8,56.314,0.030732,0.023634,0.023634,0.12363,0
22.4,0.1,4478.2,4483.7,4478.4,55.191,0.030735,0.023646,0.023646,0.12369,0
22.5,0.1,4483,4489.4,4483.8,54.052,0.030737,0.023658,0.023658,0.12375,0
22.6,0.1,4491,4494.3,4489.3,53,0.030739,0.02367,0.02367,0.12382,0
22.71,0.1,4493.2,4499.9,4494.5,51.845,0.030742,0.023682,0.023682,0.12388,0
22.8,0.1,4500.8,4504.6,4499.7,50.82,0.030744,0.023694,0.023694,0.12394,0
22.9,0.1,4527.2,4509.5,4504.7,49.697,0.030746,0.023705,0.023705,0.124,0
23,0.1,4515.9,4514.4,4509.6,48.563,0.030749,0.023717,0.023717,0.12406,0
23.1,0.1,4523.3,4519.2,4514.4,47.468,0.030751,0.023729,0.023729,0.12412,0
23.21,0.1,4510.1,4523.7,4519.2,46.406,0.030753,0.02374,0.02374,0.12418,0
23.3,0.1,4517.7,4528.8,4523.8,45.312,0.030755,0.023752,0.023752,0.12424,0
23.4,0.1,4543.2,4533.2,4528.5,44.374,0.030758,0.023764,0.023764,0.1243,0
23.5,0.1,4534.6,4538,4533,43.41,0.03076,0.023775,0.023775,0.12435,0
23.6,0.1,4545.6,4542,4537.6,42.546,0.030762,0.023786,0.023786,0.12441,0
23.71,0.1,4576.5,4545.8,4541.9,41.548,0.030764,0.023797,0.023797,0.12447,0
23.8,0.1,4563.2,4549.6,4546,40.446,0.030766,0.023808,0.023808,0.12452,0
23.9,0.1,4544.6,4553.8,4549.9,39.298,0.030768,0.023819,0.023819,0.12458,0
24,0.1,4560.7,4557.4,4553.8,38.252,0.03077,0.02383,0.02383,0.12463,0
24.1,0.1,4579.2,4561.4,4557.6,37.166,0.030773,0.023841,0.023841,0.12469,0
24.21,0.1,4565.5,4565.6,4561.3,36.18,0.030775,0.023852,0.023852,0.12475,0
24.3,0.1,4576.8,4568.2,4565.2,35.315,0.030777,0.023863,0.023863,0.1248,0
24.4,0.1,4563.9,4571.3,4568.5,34.162,0.030779,0.023873,0.023873,0.12486,0
24.5,0.1,4587.6,4575,4571.7,32.972,0.030781,0.023884,0.023884,0.12491,0
24.6,0.1,4591.9,4578.1,4575,31.942,0.030783,0.023895,0.023895,0.12497,0
24.71,0.1,4577.7,4582.1,4578.2,30.911,0.030785,0.023906,0.023906,0.12503,0
24.8,0.1,4582.9,4584.8,4581.6,30.116,0.030787,0.023917,0.023917,0.12508,0
24.9,0.1,4576.9,4587.4,4584.7,29.177,0.030789,0.023928,0.023928,0.12514,0
25,0.1,4593.4,4590,4587.5,28.125,0.030791,0.023938,0.023938,0.12519,0
25.1,0.1,4590.4,4593,4590.2,27.015,0.030793,0.023949,0.023949,0.12525,0
25.21,0.1,4598,4595.6,4592.9,26.033,0.030795,0.023959,0.023959,0.1253,0
25.3,0.1,4608.6,4598,4595.6,25.04,0.030797,0.02397,0.02397,0.12535,0
25.4,0.1,4605.5,4600.2,4598,24.024,0.030799,0.02398,0.02398,0.12541,0
25.5,0.1,4594.9,4602.8,4600.4,22.964,0.030801,0.023991,0.023991,0.12546,0
25.6,0.1,4600.5,4604.9,4602.7,21.994,0.030803,0.024001,0.024001,0.12552,0
25.71,0.1,4603.2,4607.3,4604.9,21.005,0.030805,0.024012,0.024012,0.12557,0
25.8,0.1,4621.1,4608.5,4607.1,20.081,0.030807,0.024022,0.024022,0.12562,0
25.9,0.1,4611.8,4610.6,4608.9,18.924,0.030809,0.024033,0.024033,0.12568,0
26,0.1,4612.1,4612.8,4610.7,17.87,0.030811,0.024043,0.024043,0.12573,0
26.1,0.1,4614.7,4614.7,4612.6,16.959,0.030813,0.024054,0.024054,0.12579,0
26.21,0.1,4623.3,4616.3,4614.5,16.084,0.030815,0.024064,0.024064,0.12584,0
26.3,0.1,4636.1,4617.5,4616.1,15.148,0.030817,0.024074,0.024074,0.12589,0
26.4,0.1,4627.6,4619.3,4617.6,14.135,0.030819,0.024085,0.024085,0.12595,0
26.5,0.1,4614.7,4620.6,4619.1,13.214,0.030821,0.024095,0.024095,0.126,0
26.6,0.1,4621.8,4621.6,4620.5,12.273,0.030823,0.024105,0.024105,0.12605,0
26.71,0.1,4610.9,4622.7,4621.7,11.252,0.030825,0.024115,0.024115,0.1261,0
26.8,0.1,4643.8,4623.7,4622.8,10.236,0.030827,0.024125,0.024125,0.12615,0
26.9,0.1,4629,4624.2,4623.8,9.2396,0.030829,0.024135,0.024135,0.1262,0
27,0.1,4616.4,4625,4624.5,8.1137,0.030831,0.024145,0.024145,0.12626,0
27.1,0.1,4643,4626.2,4625.2,7.0419,0.030833,0.024155,0.024155,0.12631,0
27.21,0.1,4634.1,4627,4626,6.1484,0.030835,0.024166,0.024166,0.12637,0
27.3,0.1,4633,4627.3,4626.8,5.2731,0.030837,0.024176,0.024176,0.12642,0
27.4,0.1,4615.2,4627.8,4627.3,4.2833,0.030839,0.024186,0.024186,0.12647,0
27.5,0.1,4622.9,4628.1,4627.7,3.3045,0.030841,0.024196,0.024196,0.12652,0
27.6,0.1,4612.7,4628.5,4628.1,2.3425,0.030843,0.024207,0.024207,0.12657,0
27.71,0.1,4635,4628.8,4628.4,1.3923,0.030845,0.024217,0.024217,0.12663,0
27.8,0.1,4634.9,4628.6,4628.6,0.48193,0.030847,0.024227,0.024227,0.12668,0
27.9,0.1,4630.4,4628.3,4628.6,-0.51409,0.030849,0.024237,0.024237,0.12673,0
28,0.1,4618.1,4628,4628.5,-1.581,0.030851,0.024247,0.024247,0.12678,0
28.1,0.1,4614.6,4627.6,4628.2,-2.6596,0.030852,0.024257,0.024257,0.12683,0
28.21,0.1,4646.7,4627.4,4627.8,-3.7187,0.030854,0.024267,0.024267,0.12689,0
28.3,0.1,4604.1,4627,4627.4,-4.7069,0.030856,0.024277,0.024277,0.12694,0
28.4,0.1,4625,4626.7,4627,-5.689,0.030858,0.024288,0.024288,0.127,0
28.5,0.1,4640.7,4625.5,4626.5,-6.5877,0.03086,0.024298,0.024298,0.12705,0
28.6,0.1,4618,4625.1,4625.7,-7.6668,0.030862,0.024308,0.024308,0.1271,0
28.71,0.1,4611.3,4624.7,4625,-8.6121,0.030864,0.024319,0.024319,0.12715,0
28.8,0.1,4624.4,4623.7,4624.3,-9.4396,0.030866,0.024329,0.024329,0.12721,0
28.9,0.1,4620.9,4622.4,4623.5,-10.333,0.030868,0.024339,0.024339,0.12726,0
29,0.1,4636.2,4621.1,4622.4,-11.348,0.03087,0.024349,0.024349,0.12731,0
29.1,0.1,4620.7,4620.5,4621.2,-12.392,0.030872,0.024359,0.024359,0.12736,0
29.21,0.1,4609.3,4619.2,4620.2,-13.243,0.030874,0.024369,0.024369,0.12742,0
29.3,0.1,4619.5,4617.8,4619,-14.133,0.030876,0.024379,0.024379,0.12747,0
29.4,0.1,4612.5,4615.7,4617.6,-15.048,0.030878,0.024389,0.024389,0.12752,0
29.5,0.1,4620,4614.1,4616,-16.157,0.03088,0.024399,0.024399,0.12757,0
29.6,0.1,4634.2,4612.9,4614.3,-17.218,0.030881,0.024409,0.024409,0.12762,0
29.71,0.1,4615.9,4610.3,4612.7,-18.102,0.030883,0.024419,0.024419,0.12767,0
29.8,0.1,4615.5,4609,4610.7,-19.265,0.030885,0.024429,0.024429,0.12772,0
29.9,0.1,4600.7,4606.3,4608.8,-20.176,0.030887,0.024439,0.024439,0.12778,0
30,0.1,4599.1,4604.8,4606.7,-21.308,0.030889,0.024449,0.024449,0.12783,0
30.1,0.1,4601.5,4602.7,4604.6,-22.242,0.030891,0.02446,0.02446,0.12789,0
30.21,0.1,4613.3,4599.9,4602.5,-23.159,0.030893,0.02447,0.02447,0.12794,0
30.3,0.1,4604.1,4597.5,4600.1,-24.232,0.030895,0.02448,0.02448,0.12799,0
30.4,0.1,4572.1,4595.2,4597.6,-25.271,0.030897,0.024491,0.024491,0.12805,0
30.5,0.1,4588.7,4592.9,4595.1,-26.254,0.030899,0.024501,0.024501,0.1281,0
30.6,0.1,4596.8,4590.2,4592.6,-27.147,0.030901,0.024512,0.024512,0.12816,0
30.71,0.1,4578,4587,4590,-28.083,0.030903,0.024522,0.024522,0.12821,0
30.8,0.1,4569.8,4584.6,4587.1,-29.134,0.030905,0.024532,0.024532,0.12826,0
30.9,0.1,4573.3,4581.3,4584.3,-30.054,0.030907,0.024543,0.024543,0.12832,0
31,0.1,4556.9,4577.7,4581.3,-31.074,0.030909,0.024553,0.024553,0.12837,0
31.1,0.1,4585.5,4576.1,4578,-32.246,0.030911,0.024563,0.024563,0.12842,0
31.21,0.1,4581.6,4571.7,4575.2,-32.906,0.030913,0.024574,0.024574,0.12848,0
31.3,0.1,4550.6,4568.4,4571.9,-33.996,0.030915,0.024584,0.024584,0.12853,0
31.4,0.1,4566,4565.5,4568.4,-35.028,0.030917,0.024595,0.024595,0.12859,0
31.5,0.1,4577.5,4561.7,4565.1,-35.894,0.030919,0.024605,0.024605,0.12864,0
31.6,0.1,4543.8,4558.1,4561.6,-36.872,0.030921,0.024615,0.024615,0.12869,0
31.71,0.1,4546.8,4553.9,4558,-37.859,0.030923,0.024626,0.024626,0.12875,0
31.8,0.1,4555.8,4550.5,4554.1,-38.982,0.030925,0.024636,0.024636,0.1288,0
31.9,0.1,4547.2,4546.6,4550.3,-39.921,0.030927,0.024646,0.024646,0.12886,0
32,0.1,4552.2,4542.2,4546.4,-40.888,0.030929,0.024657,0.024657,0.12891,0
32.1,0.1,4526.1,4538.6,4542.3,-41.951,0.030931,0.024667,0.024667,0.12896,0
32.2,0.1,4537.2,4534,4538.2,-42.865,0.030933,0.024678,0.024678,0.12902,0
32.31,0.1,4532.6,4529.7,4534,-43.896,0.030935,0.024689,0.024689,0.12907,0
32.4,0.1,4529,4525.8,4529.6,-44.925,0.030937,0.024699,0.024699,0.12913,0
32.5,0.1,4533.2,4521.6,4525.4,-45.78,0.030939,0.02471,0.02471,0.12919,0
32.6,0.1,4505.2,4516.8,4521.1,-46.618,0.030941,0.02472,0.02472,0.12924,0
32.7,0.1,4516.6,4512.3,4516.5,-47.563,0.030943,0.024731,0.024731,0.12929,0
32.81,0.1,4496.8,4506.6,4511.9,-48.49,0.030945,0.024741,0.024741,0.12935,0
32.9,0.1,4507.5,4502.4,4506.9,-49.691,0.030947,0.024751,0.024751,0.1294,0
33,0.1,4495.3,4497.2,4502.1,-50.64,0.030949,0.024762,0.024762,0.12946,0
33.1,0.1,4479.2,4492.5,4497.1,-51.655,0.030951,0.024772,0.024772,0.12951,0
33.2,0.1,4489.6,4486.7,4492.1,-52.568,0.030953,0.024783,0.024783,0.12957,0
33.31,0.1,4490.3,4481.9,4486.8,-53.701,0.030955,0.024794,0.024794,0.12962,0
33.4,0.1,4467,4477,4481.6,-54.67,0.030957,0.024804,0.024804,0.12968,0
33.5,0.1,4472,4471.8,4476.4,-55.518,0.030959,0.024815,0.024815,0.12973,0
33.6,0.1,4457.2,4465.8,4471.2,-56.358,0.030961,0.024826,0.024826,0.12979,0
33.7,0.1,4467.1,4460.8,4465.6,-57.381,0.030963,0.024837,0.024837,0.12984,0
33.81,0.1,4449.9,4454.5,4460.2,-58.219,0.030965,0.024847,0.024847,0.1299,0
33.9,0.1,4447.5,4449.3,4454.4,-59.283,0.030967,0.024858,0.024858,0.12995,0
34,0.1,4461.5,4443.2,4448.8,-60.179,0.030969,0.024868,0.024868,0.13001,0
34.1,0.1,4449.3,4437.3,4442.9,-61.155,0.030971,0.024879,0.024879,0.13006,0
34.2,0.1,4440.4,4431.9,4437,-62.14,0.030973,0.024889,0.024889,0.13012,0
34.3,0.1,4417.3,4425.4,4431.2,-62.926,0.030975,0.0249,0.0249,0.13017,0
34.4,0.1,4404,4418.7,4425.1,-63.89,0.030977,0.02491,0.02491,0.13023,0
34.5,0.1,4406.7,4413.9,4418.7,-65.008,0.030979,0.024921,0.024921,0.13028,0
34.6,0.1,4414.9,4406.7,4412.8,-65.654,0.030981,0.024931,0.024931,0.13034,0
34.7,0.1,4408.5,4400.7,4406.4,-66.658,0.030983,0.024942,0.024942,0.13039,0
34.8,0.1,4407.6,4394.2,4400.1,-67.523,0.030985,0.024952,0.024952,0.13045,0
34.9,0.1,4387.1,4387.1,4393.6,-68.414,0.030987,0.024963,0.024963,0.1305,0
35,0.1,4384.6,4380.3,4386.9,-69.485,0.030989,0.024973,0.024973,0.13055,0
35.1,0.1,4369.9,4374,4380,-70.543,0.030991,0.024984,0.024984,0.13061,0
35.2,0.1,4363.9,4366.8,4373.3,-71.425,0.030993,0.024994,0.024994,0.13066,0
35.3,0.1,4347.3,4360.4,4366.4,-72.428,0.030995,0.025005,0.025005,0.13072,0
35.4,0.1,4334.6,4353,4359.6,-73.26,0.030997,0.025016,0.025016,0.13078,0
35.5,0.1,4351.7,4346.3,4352.5,-74.232,0.030999,0.025026,0.025026,0.13083,0
35.6,0.1,4325.6,4338.9,4345.5,-75.055,0.031001,0.025037,0.025037,0.13089,0
35.7,0.1,4332.8,4331.7,4338.3,-75.977,0.031003,0.025048,0.025048,0.13094,0
35.8,0.1,4307.8,4324.7,4331.1,-76.893,0.031005,0.025058,0.025058,0.131,0
35.9,0.1,4308.2,4317.3,4323.8,-77.725,0.031007,0.025069,0.025069,0.13105,0
36,0.1,4313.2,4309.3,4316.5,-78.583,0.031009,0.02508,0.02508,0.13111,0
36.1,0.1,4310.3,4302.1,4308.9,-79.584,0.031011,0.02509,0.02509,0.13116,0
36.2,0.1,4289.1,4294.5,4301.3,-80.457,0.031013,0.025101,0.025101,0.13122,0
36.3,0.1,4293.6,4287.2,4293.7,-81.332,0.031015,0.025111,0.025111,0.13127,0
36.4,0.1,4285.2,4279.2,4286.1,-82.089,0.031017,0.025122,0.025122,0.13133,0
36.5,0.1,4277.7,4271,4278.4,-82.946,0.031019,0.025132,0.025132,0.13138,0
36.6,0.1,4273,4263.5,4270.4,-83.909,0.031021,0.025142,0.025142,0.13144,0
36.7,0.1,4253,4255.9,4262.5,-84.731,0.031023,0.025153,0.025153,0.13149,0
36.8,0.1,4255.4,4247.8,4254.7,-85.457,0.031025,0.025163,0.025163,0.13154,0
36.9,0.1,4232.9,4239.1,4246.7,-86.236,0.031027,0.025173,0.025173,0.1316,0
37,0.1,4235.3,4231.3,4238.4,-87.206,0.031029,0.025184,0.025184,0.13165,0
37.1,0.1,4227,4223.1,4230.2,-88.026,0.031031,0.025194,0.025194,0.1317,0
37.2,0.1,4221.2,4214.6,4222,-88.834,0.031033,0.025204,0.025204,0.13176,0
37.3,0.1,4225.1,4206.3,4213.6,-89.676,0.031035,0.025214,0.025214,0.13181,0
37.4,0.1,4186.8,4198,4205.2,-90.5,0.031036,0.025224,0.025224,0.13186,0
37.5,0.1,4185.8,4189.3,4196.8,-91.26,0.031038,0.025235,0.025235,0.13191,0
37.6,0.1,4158.7,4179.9,4188.2,-92.083,0.03104,0.025245,0.025245,0.13197,0
37.7,0.1,4177.2,4171.6,4179.3,-93.14,0.031042,0.025255,0.025255,0.13202,0
37.8,0.1,4152.2,4163.6,4170.6,-93.981,0.031044,0.025265,0.025265,0.13207,0
37.9,0.1,4146.1,4154.2,4162,-94.615,0.031046,0.025275,0.025275,0.13213,0
38,0.1,4140,4145.3,4153.1,-95.446,0.031048,0.025286,0.025286,0.13218,0
38.1,0.1,4139.2,4136.3,4144.2,-96.284,0.03105,0.025296,0.025296,0.13223,0
38.2,0.1,4137.6,4127,4135.2,-97.091,0.031052,0.025306,0.025306,0.13229,0
38.3,0.1,4101.1,4118.2,4126,-97.965,0.031054,0.025316,0.025316,0.13234,0
38.41,0.1,4106.4,4108,4116.9,-98.734,0.031056,0.025326,0.025326,0.13239,0
38.5,0.1,4112.4,4099.5,4107.4,-99.788,0.031058,0.025337,0.025337,0.13245,0
38.6,0.1,4097.1,4090.7,4098.1,-100.54,0.03106,0.025347,0.025347,0.1325,0
38.7,0.1,4070.4,4081.2,4089,-101.14,0.031062,0.025357,0.025357,0.13256,0
38.8,0.1,4051.2,4071.2,4079.7,-101.83,0.031064,0.025368,0.025368,0.13261,0
38.91,0.1,4081.6,4061.1,4070.1,-102.73,0.031065,0.025378,0.025378,0.13266,0
39,0.1,4034.6,4051.8,4060.2,-103.73,0.031067,0.025388,0.025388,0.13271,0
39.1,0.1,4040.2,4042.5,4050.5,-104.56,0.031069,0.025398,0.025398,0.13277,0
39.2,0.1,4028.3,4033,4040.9,-105.27,0.031071,0.025409,0.025409,0.13282,0
39.3,0.1,4025.3,4023.3,4031.3,-105.92,0.031073,0.025419,0.025419,0.13288,0
39.41,0.1,4007.4,4012.9,4021.6,-106.57,0.031075,0.025429,0.025429,0.13293,0
39.5,0.1,4008.9,4003.4,4011.6,-107.42,0.031077,0.025439,0.025439,0.13298,0
39.6,0.1,3988.8,3993.8,4001.7,-108.12,0.031079,0.025449,0.025449,0.13304,0
39.7,0.1,3993,3983.9,3991.9,-108.72,0.031081,0.025459,0.025459,0.13309,0
39.8,0.1,3970.1,3973.3,3982,-109.34,0.031083,0.025469,0.025469,0.13314,0
39.91,0.1,3958,3961.7,3971.9,-110.15,0.031085,0.025479,0.025479,0.13319,0
40,0.1,3956,3952.9,3961.2,-111.32,0.031087,0.025489,0.025489,0.13324,0
40.1,0.1,3936.8,3942.9,3951,-111.95,0.031088,0.025499,0.025499,0.13329,0
40.2,0.1,3920.1,3933,3940.9,-112.54,0.03109,0.025509,0.025509,0.13334,0
40.3,0.1,3927.6,3921.8,3930.8,-113.03,0.031092,0.025519,0.025519,0.1334,0
40.41,0.1,3910.8,3911,3920.3,-113.83,0.031094,0.025528,0.025528,0.13345,0
40.5,0.1,3901.2,3901.3,3909.6,-114.69,0.031096,0.025538,0.025538,0.1335,0
40.6,0.1,3891.8,3891,3899.3,-115.26,0.031098,0.025548,0.025548,0.13355,0
40.7,0.1,3874.4,3880,3888.9,-115.82,0.0311,0.025558,0.025558,0.1336,0
40.8,0.1,3859.6,3869.1,3878.2,-116.52,0.031101,0.025567,0.025567,0.13365,0
40.91,0.1,3855,3857.9,3867.5,-117.29,0.031103,0.025577,0.025577,0.1337,0
41,0.1,3837.3,3847.4,3856.5,-118.18,0.031105,0.025586,0.025586,0.13375,0
41.1,0.1,3825.2,3836.7,3845.6,-118.91,0.031107,0.025596,0.025596,0.1338,0
41.2,0.1,3822.1,3826.7,3834.7,-119.56,0.031109,0.025606,0.025606,0.13385,0
41.3,0.1,3815.1,3815,3824.2,-119.96,0.03111,0.025616,0.025616,0.1339,0
41.41,0.1,3806.7,3803.4,3813.1,-120.68,0.031112,0.025625,0.025625,0.13395,0
41.5,0.1,3783.3,3793.8,3801.9,-121.55,0.031114,0.025635,0.025635,0.134,0
41.6,0.1,3782.7,3782.4,3791.1,-121.93,0.031116,0.025644,0.025644,0.13405,0
41.7,0.1,3763.4,3771.6,3780.1,-122.47,0.031118,0.025654,0.025654,0.1341,0
41.8,0.1,3764.6,3760.4,3769.2,-122.97,0.03112,0.025663,0.025663,0.13415,0
41.91,0.1,3746.4,3747.4,3758.1,-123.53,0.031121,0.025672,0.025672,0.13419,0
42,0.1,3753.6,3737.4,3746.3,-124.63,0.031123,0.025681,0.025681,0.13424,0
42.1,0.1,3717.9,3726.5,3735.1,-125.18,0.031125,0.02569,0.02569,0.13429,0
42.2,0.1,3706,3714.5,3723.9,-125.63,0.031126,0.0257,0.0257,0.13434,0
42.3,0.1,3691,3703.4,3712.4,-126.3,0.031128,0.025709,0.025709,0.13439,0
42.41,0.1,3685.7,3690.5,3701.1,-126.86,0.03113,0.025718,0.025718,0.13443,0
42.5,0.1,3670.7,3680.1,3689.1,-127.85,0.031132,0.025727,0.025727,0.13448,0
42.6,0.1,3676.7,3668.8,3677.6,-128.36,0.031133,0.025737,0.025737,0.13453,0
42.7,0.1,3660.3,3656.8,3666.2,-128.84,0.031135,0.025746,0.025746,0.13458,0
42.8,0.1,3639.1,3645.4,3654.5,-129.46,0.031137,0.025755,0.025755,0.13463,0
42.91,0.1,3612.2,3632.2,3642.9,-129.99,0.031139,0.025765,0.025765,0.13468,0
43,0.1,3619.7,3621.7,3630.7,-130.97,0.03114,0.025774,0.025774,0.13473,0
43.1,0.1,3623,3610.4,3619,-131.42,0.031142,0.025783,0.025783,0.13478,0
43.2,0.1,3609,3598.6,3607.4,-131.77,0.031144,0.025793,0.025793,0.13483,0
43.3,0.1,3606.3,3586.3,3595.8,-132.18,0.031146,0.025802,0.025802,0.13488,0
43.41,0.1,3568.7,3573,3583.8,-132.76,0.031148,0.025811,0.025811,0.13492,0
43.5,0.1,3554.8,3562,3571.4,-133.72,0.031149,0.02582,0.02582,0.13497,0
43.6,0.1,3543.3,3550.9,3559.4,-134.25,0.031151,0.025829,0.025829,0.13501,0
43.7,0.1,3519,3538.7,3547.7,-134.53,0.031153,0.025838,0.025838,0.13506,0
43.8,0.1,3510.5,3526.4,3535.8,-134.93,0.031154,0.025847,0.025847,0.13511,0
43.91,0.1,3515.8,3513,3523.7,-135.44,0.031156,0.025856,0.025856,0.13515,0
44,0.1,3500.4,3501.9,3511.1,-136.31,0.031158,0.025864,0.025864,0.1352,0
44.1,0.1,3497,3489.5,3499,-136.76,0.031159,0.025873,0.025873,0.13524,0
44.2,0.1,3473,3477.6,3486.8,-137.28,0.031161,0.025882,0.025882,0.13529,0
44.3,0.1,3482.9,3465.8,3474.6,-137.71,0.031163,0.025891,0.025891,0.13534,0
44.41,0.1,3444.2,3452.1,3462.6,-138.01,0.031164,0.025899,0.025899,0.13538,0
44.5,0.1,3434.9,3440.8,3449.9,-138.76,0.031166,0.025908,0.025908,0.13542,0
44.6,0.1,3423.4,3427.7,3437.7,-139.12,0.031167,0.025916,0.025916,0.13547,0
44.7,0.1,3435.1,3415.8,3425.2,-139.73,0.031169,0.025925,0.025925,0.13551,0
44.8,0.1,3418.7,3403.3,3412.8,-140.14,0.031171,0.025933,0.025933,0.13556,0
44.91,0.1,3398.4,3389.4,3400.3,-140.59,0.031172,0.025942,0.025942,0.1356,0
45,0.1,3372.4,3378.4,3387.4,-141.45,0.031174,0.02595,0.02595,0.13565,0
45.1,0.1,3368.6,3365.2,3375,-141.72,0.031175,0.025959,0.025959,0.13569,0
45.2,0.1,3342.9,3352.4,3362.3,-142.25,0.031177,0.025967,0.025967,0.13574,0
45.3,0.1,3331.2,3340.5,3349.6,-142.8,0.031179,0.025976,0.025976,0.13578,0
45.41,0.1,3322.7,3326,3337.1,-143.1,0.03118,0.025984,0.025984,0.13583,0
45.5,0.1,3314.5,3315.3,3323.9,-143.96,0.031182,0.025993,0.025993,0.13587,0
45.6,0.1,3291.6,3302,3311.5,-144.09,0.031183,0.026002,0.026002,0.13592,0
45.7,0.1,3275.9,3289.2,3298.8,-144.49,0.031185,0.02601,0.02601,0.13596,0
45.8,0.1,3278.5,3276.2,3286,-144.89,0.031187,0.026018,0.026018,0.136,0
45.91,0.1,3262.8,3261.8,3273.2,-145.37,0.031188,0.026027,0.026027,0.13605,0
46,0.1,3246.3,3250.5,3259.7,-146.27,0.03119,0.026035,0.026035,0.13609,0
46.1,0.1,3233.4,3237.6,3247,-146.55,0.031191,0.026043,0.026043,0.13614,0
46.2,0.1,3234.6,3224.3,3234.1,-146.86,0.031193,0.026052,0.026052,0.13618,0
46.3,0.1,3213.3,3211.9,3221.1,-147.3,0.031195,0.02606,0.02606,0.13622,0
46.41,0.1,3197.6,3197.1,3208.3,-147.56,0.031196,0.026068,0.026068,0.13627,0
46.5,0.1,3185.2,3185.5,3194.8,-148.38,0.031198,0.026076,0.026076,0.13631,0
46.6,0.1,3162.2,3172.3,3181.9,-148.64,0.031199,0.026085,0.026085,0.13635,0
46.7,0.1,3166.3,3159.3,3168.9,-148.97,0.031201,0.026093,0.026093,0.13639,0
46.8,0.1,3136.1,3145.8,3155.8,-149.3,0.031202,0.026101,0.026101,0.13644,0
46.91,0.1,3122.5,3131.7,3142.6,-149.74,0.031204,0.026109,0.026109,0.13648,0
47,0.1,3108.2,3119.7,3129,-150.45,0.031205,0.026117,0.026117,0.13652,0
47.1,0.1,3102.2,3106.9,3116,-150.7,0.031207,0.026125,0.026125,0.13656,0
47.2,0.1,3106.1,3093.2,3103,-150.85,0.031208,0.026133,0.026133,0.1366,0
47.3,0.1,3083.1,3080.6,3089.7,-151.21,0.03121,0.026141,0.026141,0.13664,0
47.41,0.1,3077.9,3065.5,3076.7,-151.4,0.031211,0.026149,0.026149,0.13668,0
47.5,0.1,3041.2,3053.9,3062.9,-152.17,0.031213,0.026156,0.026156,0.13672,0
47.6,0.1,3036.9,3040,3049.8,-152.3,0.031214,0.026164,0.026164,0.13676,0
47.7,0.1,3024,3026.9,3036.5,-152.66,0.031216,0.026171,0.026171,0.1368,0
47.8,0.1,3005,3013.5,3023.2,-152.95,0.031217,0.026179,0.026179,0.13684,0
47.91,0.1,2997.3,2998.6,3009.8,-153.24,0.031218,0.026186,0.026186,0.13688,0
48,0.1,2989.7,2987.1,2995.9,-153.99,0.03122,0.026193,0.026193,0.13692,0
48.1,0.1,2971.9,2973.3,2982.8,-154.04,0.031221,0.026201,0.026201,0.13696,0
48.2,0.1,2965.3,2959.6,2969.4,-154.28,0.031223,0.026208,0.026208,0.137,0
48.3,0.1,2962,2946.1,2956,-154.6,0.031224,0.026215,0.026215,0.13703,0
48.41,0.1,2939,2931.6,2942.5,-154.92,0.031225,0.026223,0.026223,0.13707,0
48.5,0.1,2925.3,2919,2928.6,-155.54,0.031227,0.02623,0.02623,0.13711,0
48.6,0.1,2904.4,2905.6,2915.1,-155.77,0.031228,0.026237,0.026237,0.13715,0
48.7,0.1,2907.7,2892.4,2901.6,-155.98,0.031229,0.026244,0.026244,0.13719,0
48.8,0.1,2874.7,2878.3,2888.3,-156.12,0.031231,0.026252,0.026252,0.13722,0
48.91,0.1,2877,2863.2,2874.6,-156.45,0.031232,0.026259,0.026259,0.13726,0
49,0.1,2842.6,2850.9,2860.4,-157.21,0.031233,0.026265,0.026265,0.13729,0
49.1,0.1,2827.6,2837.2,2846.9,-157.41,0.031235,0.026273,0.026273,0.13733,0
49.2,0.1,2832.1,2823.7,2833.2,-157.64,0.031236,0.02628,0.02628,0.13737,0
49.3,0.1,2819.8,2809.8,2819.6,-157.85,0.031238,0.026288,0.026288,0.13741,0
49.41,0.1,2793.4,2794.5,2805.9,-158.12,0.031239,0.026295,0.026295,0.13745,0
49.5,0.1,2783.1,2782.4,2791.6,-158.88,0.03124,0.026302,0.026302,0.13749,0
49.6,0.1,2767.4,2768,2778.1,-158.97,0.031242,0.026309,0.026309,0.13753,0
49.7,0.1,2758.3,2754.5,2764.2,-159.31,0.031243,0.026317,0.026317,0.13757,0
49.8,0.1,2756.9,2741,2750.4,-159.53,0.031244,0.026324,0.026324,0.1376,0
49.91,0.1,2722.3,2725.2,2736.7,-159.67,0.031246,0.026331,0.026331,0.13764,0
50,0.1,2704.6,2713.3,2722.3,-160.42,0.031247,0.026338,0.026338,0.13768,0
50.1,0.1,2697.6,2699.6,2708.7,-160.44,0.031248,0.026346,0.026346,0.13772,0
50.2,0.1,2687.8,2685.2,2695.1,-160.48,0.03125,0.026353,0.026353,0.13776,0
50.3,0.1,2668.7,2671.9,2681.2,-160.72,0.031251,0.02636,0.02636,0.13779,0
50.4,0.1,2660.7,2657.5,2667.5,-160.82,0.031252,0.026367,0.026367,0.13783,0
50.5,0.1,2649.5,2643.9,2653.5,-161.11,0.031254,0.026373,0.026373,0.13786,0
50.6,0.1,2614.8,2630.1,2639.7,-161.28,0.031255,0.02638,0.02638,0.13789,0
50.7,0.1,2614.3,2616,2625.8,-161.43,0.031256,0.026386,0.026386,0.13792,0
50.8,0.1,2604,2602,2611.9,-161.67,0.031257,0.026392,0.026392,0.13795,0
50.9,0.1,2588.1,2587.9,2597.9,-161.91,0.031259,0.026398,0.026398,0.13799,0
51,0.1,2577,2573.5,2583.9,-162.19,0.03126,0.026404,0.026404,0.13802,0
51.1,0.1,2549.9,2559.8,2569.7,-162.57,0.031261,0.02641,0.02641,0.13805,0
51.2,0.1,2555.4,2546,2555.7,-162.82,0.031262,0.026417,0.026417,0.13809,0
51.3,0.1,2517.6,2531.9,2541.7,-162.98,0.031263,0.026423,0.026423,0.13812,0
51.4,0.1,2496.6,2517.9,2527.6,-163.2,0.031264,0.02643,0.02643,0.13815,0
51.5,0.1,2500.7,2503.8,2513.6,-163.39,0.031266,0.026436,0.026436,0.13819,0
51.6,0.1,2497.2,2489.7,2499.6,-163.59,0.031267,0.026442,0.026442,0.13822,0
51.7,0.1,2480.4,2475.4,2485.5,-163.81,0.031268,0.026449,0.026449,0.13825,0
51.8,0.1,2461.3,2460.9,2471.3,-164.08,0.031269,0.026455,0.026455,0.13829,0
51.9,0.1,2450.7,2447.5,2457,-164.46,0.03127,0.026461,0.026461,0.13832,0
52,0.1,2432,2432.4,2442.9,-164.57,0.031272,0.026468,0.026468,0.13836,0
52.1,0.1,2409.8,2418.9,2428.5,-164.98,0.031273,0.026475,0.026475,0.13839,0
52.2,0.1,2399.3,2404.6,2414.4,-165.14,0.031274,0.026481,0.026481,0.13843,0
52.3,0.1,2388.3,2390.5,2400.2,-165.33,0.031275,0.026488,0.026488,0.13846,0
52.4,0.1,2373.6,2376.4,2386.1,-165.51,0.031276,0.026495,0.026495,0.1385,0
52.5,0.1,2359.2,2362.9,2371.9,-165.66,0.031278,0.026501,0.026501,0.13853,0
52.6,0.1,2338,2348.2,2358,-165.61,0.031279,0.026508,0.026508,0.13856,0
52.7,0.1,2349.7,2334,2343.8,-165.8,0.03128,0.026514,0.026514,0.1386,0
52.8,0.1,2322.8,2319.5,2329.6,-165.96,0.031281,0.02652,0.02652,0.13863,0
52.9,0.1,2296.2,2305.5,2315.3,-166.22,0.031282,0.026525,0.026525,0.13866,0
53,0.1,2281.9,2291.5,2301,-166.4,0.031284,0.026531,0.026531,0.13869,0
53.1,0.1,2288.3,2276.7,2286.8,-166.5,0.031285,0.026537,0.026537,0.13872,0
53.2,0.1,2262.9,2263,2272.5,-166.78,0.031286,0.026543,0.026543,0.13875,0
53.3,0.1,2250.5,2248.6,2258.3,-166.87,0.031287,0.026549,0.026549,0.13878,0
53.4,0.1,2227.5,2234.3,2244,-167.03,0.031288,0.026555,0.026555,0.13881,0
53.5,0.1,2208.1,2220.1,2229.7,-167.2,0.031289,0.026561,0.026561,0.13884,0
53.6,0.1,2212.4,2205.6,2215.5,-167.33,0.03129,0.026567,0.026567,0.13887,0
53.7,0.1,2178.8,2191.8,2201.1,-167.53,0.031291,0.026572,0.026572,0.1389,0
53.8,0.1,2171.6,2177.6,2187,-167.56,0.031292,0.026578,0.026578,0.13893,0
53.9,0.1,2175.2,2163.6,2172.8,-167.61,0.031293,0.026584,0.026584,0.13896,0
54,0.1,2159.2,2148.7,2158.7,-167.61,0.031294,0.02659,0.02659,0.13899,0
54.1,0.1,2130.9,2134.6,2144.3,-167.82,0.031296,0.026595,0.026595,0.13902,0
54.2,0.1,2129.2,2120.3,2130,-167.97,0.031297,0.0266,0.0266,0.13905,0
54.3,0.1,2100.7,2105.5,2115.6,-168.11,0.031298,0.026605,0.026605,0.13907,0
54.4,0.1,2079.7,2091.8,2101.1,-168.4,0.031299,0.026611,0.026611,0.1391,0
54.5,0.1,2065.3,2077.2,2086.9,-168.42,0.0313,0.026616,0.026616,0.13913,0
54.6,0.1,2059.7,2063.3,2072.5,-168.59,0.031301,0.026622,0.026622,0.13916,0
54.7,0.1,2041.1,2048.4,2058.3,-168.59,0.031302,0.026627,0.026627,0.13919,0
54.8,0.1,2035.4,2034.1,2043.9,-168.8,0.031303,0.026633,0.026633,0.13922,0
54.9,0.1,2005.7,2020.6,2029.5,-168.98,0.031304,0.026638,0.026638,0.13925,0
55,0.1,2009.5,2005.3,2015.4,-168.87,0.031305,0.026644,0.026644,0.13928,0
55.1,0.1,2002.5,1991.2,2000.9,-169.12,0.031306,0.026649,0.026649,0.1393,0
55.2,0.1,1978.1,1977,1986.5,-169.26,0.031307,0.026654,0.026654,0.13933,0
55.3,0.1,1969.1,1962.7,1972.1,-169.33,0.031308,0.02666,0.02666,0.13936,0
55.4,0.1,1957.1,1947.7,1957.8,-169.41,0.031309,0.026665,0.026665,0.13939,0
55.5,0.1,1917.5,1933.9,1943.3,-169.66,0.03131,0.02667,0.02667,0.13942,0
55.6,0.1,1935.1,1919.6,1928.9,-169.71,0.031311,0.026676,0.026676,0.13945,0
55.7,0.1,1897.6,1905,1914.6,-169.73,0.031312,0.026681,0.026681,0.13947,0
55.8,0.1,1899.3,1891,1900.2,-169.85,0.031313,0.026687,0.026687,0.1395,0
55.9,0.1,1875.5,1876.5,1885.9,-169.85,0.031314,0.026692,0.026692,0.13953,0
56,0.1,1845,1861.6,1871.6,-169.91,0.031315,0.026697,0.026697,0.13956,0
56.1,0.1,1834.2,1847.4,1857,-170.15,0.031316,0.026702,0.026702,0.13958,0
56.2,0.1,1847,1833.3,1842.6,-170.28,0.031317,0.026707,0.026707,0.13961,0
56.3,0.1,1811.1,1818.8,1828.2,-170.31,0.031318,0.026712,0.026712,0.13964,0
56.4,0.1,1797.8,1804.5,1813.8,-170.39,0.031319,0.026718,0.026718,0.13966,0
56.5,0.1,1779.5,1790,1799.5,-170.43,0.031319,0.026723,0.026723,0.13969,0
56.6,0.1,1770.7,1775.3,1785.1,-170.51,0.03132,0.026728,0.026728,0.13972,0
56.7,0.1,1758,1760.8,1770.5,-170.68,0.031321,0.026733,0.026733,0.13974,0
56.8,0.1,1751.7,1747.2,1756,-170.83,0.031322,0.026738,0.026738,0.13977,0
56.9,0.1,1729.6,1732.4,1741.8,-170.72,0.031323,0.026743,0.026743,0.1398,0
57,0.1,1727.4,1717.9,1727.4,-170.79,0.031324,0.026748,0.026748,0.13983,0
57.1,0.1,1710.2,1703.8,1713,-170.87,0.031325,0.026753,0.026753,0.13985,0
57.2,0.1,1685.9,1688.9,1698.6,-170.88,0.031326,0.026758,0.026758,0.13988,0
57.3,0.1,1665.3,1675,1684.1,-171.04,0.031327,0.026763,0.026763,0.1399,0
57.4,0.1,1656.5,1660.7,1669.8,-171.01,0.031328,0.026768,0.026768,0.13993,0
57.5,0.1,1642.3,1645.7,1655.5,-170.99,0.031329,0.026773,0.026773,0.13995,0
57.6,0.1,1640.5,1631.7,1640.9,-171.15,0.03133,0.026777,0.026777,0.13998,0
57.7,0.1,1607,1617,1626.6,-171.17,0.031331,0.026782,0.026782,0.14,0
57.8,0.1,1606.8,1602.9,1612.1,-171.29,0.031332,0.026787,0.026787,0.14003,0
57.9,0.1,1571.4,1587.6,1597.7,-171.29,0.031332,0.026792,0.026792,0.14005,0
58,0.1,1561.4,1574.1,1583,-171.56,0.031333,0.026796,0.026796,0.14008,0
58.1,0.1,1558.7,1559.3,1568.8,-171.48,0.031334,0.026801,0.026801,0.14011,0
58.2,0.1,1543.5,1544.7,1554.3,-171.58,0.031335,0.026806,0.026806,0.14013,0
58.3,0.1,1530.5,1530.6,1539.8,-171.69,0.031336,0.026811,0.026811,0.14016,0
58.4,0.1,1520.3,1515.5,1525.4,-171.68,0.031337,0.026816,0.026816,0.14018,0
58.5,0.1,1500.7,1502,1510.8,-171.9,0.031338,0.026821,0.026821,0.14021,0
58.6,0.1,1492.9,1487.4,1496.5,-171.78,0.031339,0.026826,0.026826,0.14024,0
58.7,0.1,1465,1472.6,1482.1,-171.78,0.03134,0.026831,0.026831,0.14026,0
58.8,0.1,1468.3,1459,1467.6,-171.88,0.031341,0.026836,0.026836,0.14029,0
58.9,0.1,1453,1444.3,1453.4,-171.73,0.031342,0.026841,0.026841,0.14031,0
59,0.1,1443.4,1429.9,1439.1,-171.71,0.031342,0.026845,0.026845,0.14033,0
59.1,0.1,1426.6,1416,1424.7,-171.71,0.031343,0.02685,0.02685,0.14036,0
59.2,0.1,1413.7,1401.4,1410.5,-171.59,0.031344,0.026854,0.026854,0.14038,0
59.3,0.1,1398.7,1386.7,1396.2,-171.56,0.031345,0.026858,0.026858,0.1404,0
59.4,0.1,1383.3,1372.2,1381.7,-171.66,0.031346,0.026862,0.026862,0.14042,0
59.5,0.1,1364.6,1358,1367.2,-171.76,0.031346,0.026866,0.026866,0.14044,0
59.6,0.1,1343.5,1343.3,1352.8,-171.78,0.031347,0.02687,0.02687,0.14046,0
59.7,0.1,1338.6,1329.3,1338.3,-171.89,0.031348,0.026874,0.026874,0.14048,0
59.8,0.1,1314.4,1314.8,1324,-171.87,0.031349,0.026878,0.026878,0.14051,0
59.9,0.1,1303.1,1300.8,1309.6,-171.9,0.03135,0.026882,0.026882,0.14053,0
60,0.1,1280.5,1286.3,1295.3,-171.81,0.03135,0.026887,0.026887,0.14055,0
60.1,0.1,1276.3,1271.9,1281,-171.79,0.031351,0.026891,0.026891,0.14058,0
60.2,0.1,1251.6,1257.4,1266.6,-171.8,0.031352,0.026895,0.026895,0.1406,0
60.3,0.1,1242.5,1243.2,1252.2,-171.84,0.031353,0.026899,0.026899,0.14062,0
60.4,0.1,1234.6,1228.5,1237.9,-171.82,0.031353,0.026903,0.026903,0.14064,0
60.5,0.1,1190,1214.5,1223.4,-171.92,0.031354,0.026908,0.026908,0.14066,0
60.6,0.1,1207.3,1200.1,1209.1,-171.88,0.031355,0.026912,0.026912,0.14068,0
60.7,0.1,1186.7,1186.2,1194.8,-171.86,0.031356,0.026916,0.026916,0.14071,0
60.8,0.1,1169.8,1171.2,1180.6,-171.72,0.031357,0.02692,0.02692,0.14073,0
60.9,0.1,1159.5,1157,1166.1,-171.85,0.031357,0.026924,0.026924,0.14075,0
61,0.1,1138.1,1142.5,1151.8,-171.88,0.031358,0.026928,0.026928,0.14077,0
61.1,0.1,1138.5,1128.4,1137.3,-171.94,0.031359,0.026932,0.026932,0.14079,0
61.2,0.1,1116.4,1114.2,1123,-171.92,0.03136,0.026936,0.026936,0.14081,0
61.3,0.1,1086.6,1099.4,1108.8,-171.86,0.03136,0.026941,0.026941,0.14084,0
61.4,0.1,1084.6,1085.4,1094.3,-171.97,0.031361,0.026945,0.026945,0.14086,0
61.5,0.1,1078.5,1071.3,1080,-171.92,0.031362,0.026949,0.026949,0.14088,0
61.6,0.1,1062.2,1056.8,1065.8,-171.83,0.031363,0.026953,0.026953,0.1409,0
61.7,0.1,1051.7,1042.7,1051.5,-171.83,0.031364,0.026957,0.026957,0.14092,0
61.8,0.1,1025.7,1027.9,1037.2,-171.75,0.031364,0.026961,0.026961,0.14095,0
61.9,0.1,1014.1,1014,1022.8,-171.85,0.031365,0.026965,0.026965,0.14097,0
62,0.1,998.26,999.37,1008.5,-171.8,0.031366,0.026969,0.026969,0.14099,0
62.1,0.1,1002.3,985.95,994.15,-171.87,0.031367,0.026973,0.026973,0.14101,0
62.2,0.1,958.11,971,980.1,-171.63,0.031367,0.026977,0.026977,0.14103,0
62.3,0.1,963.52,956.52,965.75,-171.69,0.031368,0.026981,0.026981,0.14105,0
62.4,0.1,939.32,941.81,951.35,-171.77,0.031369,0.026985,0.026985,0.14107,0
62.5,0.1,928.81,928.01,936.84,-171.95,0.031369,0.026989,0.026989,0.14109,0
62.6,0.1,919.81,913.96,922.56,-171.92,0.03137,0.026993,0.026993,0.14111,0
62.7,0.1,920.16,899.54,908.37,-171.82,0.031371,0.026997,0.026997,0.14114,0
62.8,0.1,903.94,885.74,894.11,-171.79,0.031372,0.027002,0.027002,0.14116,0
62.9,0.1,865.47,870.72,880.01,-171.62,0.031372,0.027006,0.027006,0.14118,0
63,0.1,846.29,856.75,865.59,-171.73,0.031373,0.02701,0.02701,0.1412,0
63.1,0.1,830.36,842.09,851.32,-171.72,0.031374,0.027013,0.027013,0.14122,0
63.2,0.1,825.85,828.62,836.92,-171.83,0.031375,0.027017,0.027017,0.14124,0
63.3,0.1,810.67,814.26,822.83,-171.65,0.031375,0.027022,0.027022,0.14126,0
63.4,0.1,802.98,800.28,808.67,-171.56,0.031376,0.027026,0.027026,0.14128,0
63.5,0.1,797.61,785.66,794.57,-171.41,0.031377,0.027029,0.027029,0.1413,0
63.6,0.1,758.09,771.56,780.31,-171.43,0.031378,0.027033,0.027033,0.14132,0
63.7,0.1,746.87,756.91,766.09,-171.4,0.031378,0.027036,0.027036,0.14134,0
63.8,0.1,740.56,743.56,751.72,-171.5,0.031379,0.02704,0.02704,0.14136,0
63.9,0.1,739.41,728.89,737.71,-171.3,0.03138,0.027044,0.027044,0.14138,0
64,0.1,711.27,715.42,723.48,-171.3,0.03138,0.027047,0.027047,0.1414,0
64.1,0.1,715.74,700.63,709.52,-171.07,0.031381,0.027051,0.027051,0.14142,0
64.2,0.1,693.49,686.47,695.28,-171.09,0.031382,0.027054,0.027054,0.14143,0
64.3,0.1,677.09,672.12,681.07,-171.09,0.031382,0.027057,0.027057,0.14145,0
64.4,0.1,659.1,658.35,666.81,-171.14,0.031383,0.027061,0.027061,0.14147,0
64.5,0.1,634.62,644.4,652.72,-171.04,0.031384,0.027064,0.027064,0.14149,0
64.6,0.1,622.34,629.9,638.68,-170.91,0.031384,0.027068,0.027068,0.1415,0
64.7,0.1,627.97,615.66,624.49,-170.91,0.031385,0.027071,0.027071,0.14152,0
64.8,0.1,602.13,601.61,610.28,-170.93,0.031385,0.027074,0.027074,0.14154,0
64.9,0.1,582.81,587.35,596.13,-170.9,0.031386,0.027078,0.027078,0.14156,0
65,0.1,581.99,573.45,581.94,-170.91,0.031387,0.027081,0.027081,0.14158,0
65.1,0.1,583.15,559.31,567.85,-170.83,0.031387,0.027085,0.027085,0.1416,0
65.2,0.1,538.93,545.06,553.76,-170.77,0.031388,0.027089,0.027089,0.14162,0
65.3,0.1,536.42,530.76,539.6,-170.77,0.031389,0.027092,0.027092,0.14164,0
65.4,0.1,526.65,516.84,525.4,-170.8,0.031389,0.027096,0.027096,0.14165,0
65.5,0.1,489.03,503.03,511.3,-170.76,0.03139,0.0271,0.0271,0.14168,0
65.6,0.1,487.7,489.33,497.29,-170.63,0.031391,0.027103,0.027103,0.1417,0
65.7,0.1,480.64,474.63,483.41,-170.41,0.031391,0.027107,0.027107,0.14171,0
65.8,0.1,453.12,460.52,469.25,-170.44,0.031392,0.02711,0.02711,0.14173,0
65.9,0.1,434.18,445.94,455.11,-170.46,0.031393,0.027114,0.027114,0.14175,0
66,0.1,412.12,433.14,440.81,-170.61,0.031393,0.027117,0.027117,0.14177,0
66.1,0.1,397.24,418.36,427.02,-170.32,0.031394,0.027121,0.027121,0.14179,0
66.2,0.1,397.47,404.59,412.91,-170.33,0.031395,0.027124,0.027124,0.1418,0
66.3,0.1,391.3,390.77,398.92,-170.23,0.031395,0.027128,0.027128,0.14182,0
66.4,0.1,388.68,376.31,384.99,-170.08,0.031396,0.027131,0.027131,0.14184,0
66.5,0.1,367.41,362.29,370.9,-170.1,0.031397,0.027134,0.027134,0.14186,0
66.6,0.1,340.06,348.29,356.82,-170.09,0.031397,0.027138,0.027138,0.14187,0
66.7,0.1,350.53,334.45,342.77,-170.07,0.031398,0.027141,0.027141,0.14189,0
66.8,0.1,317.73,320.39,328.8,-169.98,0.031399,0.027145,0.027145,0.14191,0
66.9,0.1,303.33,306.44,314.8,-169.93,0.031399,0.027148,0.027148,0.14193,0
67,0.1,289.35,292.25,300.82,-169.86,0.0314,0.027151,0.027151,0.14195,0
67.1,0.1,262.54,278.4,286.77,-169.86,0.0314,0.027155,0.027155,0.14196,0
67.2,0.1,270.57,264.63,272.79,-169.81,0.031401,0.027158,0.027158,0.14198,0
67.3,0.1,253,250.42,258.89,-169.69,0.031402,0.027162,0.027162,0.142,0
67.4,0.1,245.67,236.19,244.89,-169.66,0.031402,0.027165,0.027165,0.14202,0
67.5,0.1,214.36,222.78,230.81,-169.71,0.031403,0.027168,0.027168,0.14204,0
67.6,0.1,206.5,208.33,216.96,-169.56,0.031404,0.027172,0.027172,0.14206,0
67.7,0.1,199.24,194.84,202.91,-169.59,0.031404,0.027175,0.027175,0.14207,0
67.8,0.1,182.49,181.04,189.06,-169.46,0.031405,0.027179,0.027179,0.14209,0
67.9,0.1,166.61,166.48,175.23,-169.31,0.031406,0.027182,0.027182,0.14211,0
68,0.1,151.39,152.55,161.15,-169.39,0.031406,0.027185,0.027185,0.14213,0
68.1,0.1,141.66,139.58,147.13,-169.42,0.031407,0.027189,0.027189,0.14214,0
68.2,0.1,130.24,125.01,133.47,-169.14,0.031407,0.027192,0.027192,0.14216,0
68.3,0.1,99.317,111.28,119.51,-169.13,0.031408,0.027196,0.027196,0.14218,0
68.4,0.1,101.08,97.588,105.63,-169.06,0.031409,0.027199,0.027199,0.1422,0
68.5,0.1,86.567,83.352,91.819,-168.94,0.031409,0.027202,0.027202,0.14221,0
68.6,0.1,77.009,69.484,77.87,-168.94,0.03141,0.027205,0.027205,0.14223,0
68.7,0.1,75.061,55.624,63.95,-168.93,0.03141,0.027208,0.027208,0.14225,0
68.8,0.1,37.322,41.913,50.056,-168.89,0.031411,0.027212,0.027212,0.14226,0
68.9,0.1,27.412,27.896,36.221,-168.81,0.031412,0.027215,0.027215,0.14228,0
69,0.1,9.6065,14.283,22.329,-168.78,0.031412,0.027218,0.027218,0.1423,0
69.1,0.1,16.347,1.299,8.5347,-168.67,0.031413,0.027222,0.027222,0.14232,0
69.2,0.1,-22.169,-13.762,-4.963,-168.32,0.031413,0.027225,0.027225,0.14234,0
69.3,0.1,-28.375,-27.151,-18.991,-168.45,0.031414,0.027228,0.027228,0.14235,0
69.4,0.1,-54.123,-40.597,-32.802,-168.38,0.031415,0.027231,0.027231,0.14236,0
69.5,0.1,-64.709,-54.918,-46.485,-168.22,0.031415,0.027234,0.027234,0.14238,0
69.6,0.1,-69.244,-68.824,-60.379,-168.24,0.031416,0.027237,0.027237,0.1424,0
69.7,0.1,-80.594,-82.499,-74.276,-168.27,0.031416,0.02724,0.02724,0.14241,0
69.8,0.1,-99.693,-96.221,-88.096,-168.24,0.031417,0.027243,0.027243,0.14243,0
69.9,0.1,-116.48,-109.52,-101.88,-168.17,0.031417,0.027246,0.027246,0.14245,0
70,0.1,-151.25,-123.89,-115.5,-167.97,0.031418,0.02725,0.02725,0.14247,0
70.1,0.1,-128.08,-137.86,-129.36,-168,0.031419,0.027253,0.027253,0.14248,0
70.2,0.1,-151.57,-151.62,-143.26,-168.06,0.031419,0.027256,0.027256,0.1425,0
70.3,0.1,-171.39,-164.43,-157.12,-168.08,0.03142,0.02726,0.02726,0.14252,0
70.4,0.1,-186.69,-178.51,-170.61,-167.78,0.031421,0.027263,0.027263,0.14254,0
70.5,0.1,-208.58,-191.92,-184.29,-167.67,0.031421,0.027267,0.027267,0.14256,0
70.6,0.1,-214.86,-206.14,-197.87,-167.48,0.031422,0.02727,0.02727,0.14257,0
70.7,0.1,-214.23,-219.73,-211.66,-167.49,0.031422,0.027273,0.027273,0.14259,0
70.8,0.1,-238.86,-232.95,-225.38,-167.44,0.031423,0.027275,0.027275,0.1426,0
70.9,0.1,-265.52,-247.38,-238.92,-167.24,0.031424,0.027278,0.027278,0.14262,0
71,0.1,-272.08,-260.58,-252.76,-167.31,0.031424,0.027281,0.027281,0.14263,0
71.1,0.1,-274.44,-274.48,-266.38,-167.2,0.031425,0.027284,0.027284,0.14265,0
71.2,0.1,-287.01,-288.31,-280.09,-167.16,0.031425,0.027287,0.027287,0.14266,0
71.3,0.1,-316.85,-301.67,-293.83,-167.17,0.031426,0.02729,0.02729,0.14268,0
71.4,0.1,-317.48,-315.9,-307.45,-167.06,0.031426,0.027293,0.027293,0.1427,0
71.5,0.1,-326.86,-328.69,-321.27,-167.14,0.031427,0.027296,0.027296,0.14271,0
71.6,0.1,-350.59,-343.01,-334.74,-166.91,0.031427,0.0273,0.0273,0.14273,0
71.7,0.1,-351.06,-356.59,-348.49,-166.94,0.031428,0.027303,0.027303,0.14275,0
71.8,0.1,-391.72,-370.16,-362.17,-166.92,0.031429,0.027306,0.027306,0.14277,0
71.9,0.1,-375.3,-383.04,-375.83,-166.87,0.031429,0.02731,0.02731,0.14279,0
72,0.1,-393.44,-397.34,-389.2,-166.59,0.03143,0.027313,0.027313,0.1428,0
72.1,0.1,-400.69,-410.47,-402.88,-166.59,0.03143,0.027316,0.027316,0.14282,0
72.2,0.1,-417.67,-424.34,-416.37,-166.42,0.031431,0.027319,0.027319,0.14283,0
72.3,0.1,-428.17,-437.86,-429.98,-166.38,0.031432,0.027322,0.027322,0.14285,0
72.4,0.1,-451.84,-451.13,-443.55,-166.31,0.031432,0.027325,0.027325,0.14286,0
72.5,0.1,-454.99,-465.45,-457.02,-166.15,0.031433,0.027328,0.027328,0.14288,0
72.6,0.1,-509.11,-478.9,-470.77,-166.25,0.031433,0.027331,0.027331,0.14289,0
72.7,0.1,-491.51,-491.97,-484.43,-166.28,0.031434,0.027334,0.027334,0.14291,0
72.8,0.1,-495.11,-505.44,-497.88,-166.11,0.031434,0.027337,0.027337,0.14293,0
72.9,0.1,-519.76,-519.27,-511.33,-165.96,0.031435,0.02734,0.02734,0.14295,0
73,0.1,-520.5,-532.63,-524.9,-165.92,0.031436,0.027343,0.027343,0.14296,0
73.1,0.1,-546.07,-546.16,-538.39,-165.82,0.031436,0.027346,0.027346,0.14298,0
73.2,0.1,-567.92,-559.22,-551.89,-165.74,0.031437,0.027349,0.027349,0.14299,0
73.3,0.1,-554.77,-572.77,-565.23,-165.53,0.031437,0.027352,0.027352,0.14301,0
73.4,0.1,-578.57,-586.75,-578.63,-165.39,0.031438,0.027355,0.027355,0.14302,0
73.5,0.1,-595.73,-600.26,-592.22,-165.42,0.031438,0.027358,0.027358,0.14304,0
73.6,0.1,-627.54,-613.45,-605.79,-165.43,0.031439,0.02736,0.02736,0.14305,0
73.7,0.1,-623.46,-626.62,-619.23,-165.34,0.031439,0.027363,0.027363,0.14307,0
73.8,0.1,-642.42,-639.98,-632.57,-165.16,0.03144,0.027366,0.027366,0.14308,0
73.9,0.1,-655.27,-653.67,-645.9,-164.99,0.03144,0.027369,0.027369,0.1431,0
74,0.1,-667.78,-667.34,-659.35,-164.93,0.031441,0.027372,0.027372,0.14311,0
74.1,0.1,-686.97,-680.87,-672.87,-164.95,0.031441,0.027374,0.027374,0.14312,0
74.2,0.1,-714.8,-693.98,-686.39,-164.97,0.031442,0.027377,0.027377,0.14314,0
74.3,0.1,-705.29,-707.41,-699.78,-164.87,0.031442,0.02738,0.02738,0.14316,0
74.4,0.1,-726.18,-721.05,-713.17,-164.78,0.031443,0.027383,0.027383,0.14317,0
74.5,0.1,-738.06,-733.98,-726.64,-164.77,0.031443,0.027386,0.027386,0.14319,0
74.6,0.1,-753.09,-747.72,-739.92,-164.6,0.031444,0.027389,0.027389,0.14321,0
74.7,0.1,-768.86,-761.05,-753.36,-164.57,0.031445,0.027392,0.027392,0.14322,0
74.8,0.1,-770.08,-774.15,-766.75,-164.51,0.031445,0.027395,0.027395,0.14324,0
74.9,0.1,-787.09,-787.26,-780.03,-164.36,0.031446,0.027399,0.027399,0.14325,0
75,0.1,-803.81,-800.67,-793.25,-164.17,0.031446,0.027401,0.027401,0.14327,0
75.1,0.1,-812.86,-814.38,-806.52,-164.04,0.031447,0.027404,0.027404,0.14328,0
75.2,0.1,-836.36,-827.63,-819.94,-164.04,0.031447,0.027407,0.027407,0.1433,0
75.3,0.1,-824.94,-841.02,-833.3,-164,0.031448,0.027409,0.027409,0.14331,0
75.4,0.1,-851.94,-854.15,-846.66,-163.96,0.031448,0.027412,0.027412,0.14333,0
75.5,0.1,-866.42,-868.11,-859.94,-163.86,0.031449,0.027415,0.027415,0.14334,0
75.6,0.1,-874.6,-880.91,-873.45,-163.97,0.031449,0.027418,0.027418,0.14336,0
75.7,0.1,-900.97,-894.57,-886.72,-163.86,0.03145,0.027421,0.027421,0.14338,0
75.8,0.1,-895.41,-907.81,-900.12,-163.88,0.031451,0.027424,0.027424,0.14339,0
75.9,0.1,-920.85,-921.01,-913.46,-163.85,0.031451,0.027428,0.027428,0.14341,0
76,0.1,-941.38,-933.74,-926.76,-163.78,0.031452,0.027431,0.027431,0.14343,0
76.1,0.1,-945.9,-946.99,-939.85,-163.53,0.031452,0.027435,0.027435,0.14345,0
76.2,0.1,-955.52,-960.45,-952.98,-163.34,0.031453,0.027438,0.027438,0.14347,0
76.3,0.1,-971.07,-973.87,-966.21,-163.25,0.031454,0.027441,0.027441,0.14348,0
76.4,0.1,-1000.1,-986.51,-979.5,-163.23,0.031454,0.027444,0.027444,0.14349,0
76.5,0.1,-1006.6,-999.91,-992.57,-163.01,0.031455,0.027447,0.027447,0.14351,0
76.6,0.1,-1022.7,-1012.7,-1005.7,-162.9,0.031455,0.027449,0.027449,0.14352,0
76.7,0.1,-1035.4,-1026.2,-1018.8,-162.67,0.031456,0.027452,0.027452,0.14353,0
76.8,0.1,-1044.3,-1039.8,-1032,-162.6,0.031456,0.027454,0.027454,0.14354,0
76.9,0.1,-1054.4,-1052.7,-1045.3,-162.64,0.031457,0.027456,0.027456,0.14355,0
77,0.1,-1069.3,-1065.7,-1058.4,-162.55,0.031457,0.027458,0.027458,0.14357,0
77.1,0.1,-1073,-1079.5,-1071.5,-162.42,0.031457,0.027461,0.027461,0.14358,0
77.2,0.1,-1089.4,-1092.1,-1084.9,-162.52,0.031458,0.027463,0.027463,0.14359,0
77.3,0.1,-1102,-1105.1,-1098,-162.38,0.031458,0.027466,0.027466,0.14361,0
77.4,0.1,-1124.2,-1118.5,-1111,-162.22,0.031459,0.027469,0.027469,0.14363,0
77.5,0.1,-1130.1,-1131.7,-1124.2,-162.19,0.031459,0.027472,0.027472,0.14364,0
77.6,0.1,-1135.9,-1145.1,-1137.4,-162.16,0.03146,0.027474,0.027474,0.14365,0
77.7,0.1,-1169.2,-1158.1,-1150.6,-162.18,0.03146,0.027477,0.027477,0.14367,0
77.8,0.1,-1184,-1170.8,-1163.8,-162.13,0.031461,0.02748,0.02748,0.14369,0
77.9,0.1,-1191.2,-1184.4,-1176.8,-161.96,0.031461,0.027484,0.027484,0.14371,0
78,0.1,-1198.2,-1197.6,-1190,-161.98,0.031462,0.027487,0.027487,0.14372,0
78.1,0.1,-1210.4,-1210.5,-1203.2,-162,0.031463,0.02749,0.02749,0.14374,0
78.2,0.1,-1222.2,-1223.4,-1216.3,-161.93,0.031463,0.027493,0.027493,0.14376,0
78.3,0.1,-1239.4,-1236.6,-1229.3,-161.79,0.031464,0.027497,0.027497,0.14378,0
78.4,0.1,-1258.9,-1250,-1242.4,-161.71,0.031464,0.0275,0.0275,0.14379,0
78.5,0.1,-1257.3,-1262.6,-1255.5,-161.72,0.031465,0.027503,0.027503,0.14381,0
78.6,0.1,-1263.9,-1275.9,-1268.5,-161.57,0.031466,0.027506,0.027506,0.14383,0
78.7,0.1,-1307.3,-1288.8,-1281.6,-161.52,0.031466,0.02751,0.02751,0.14385,0
78.8,0.1,-1286.7,-1301.7,-1294.6,-161.4,0.031467,0.027513,0.027513,0.14386,0
78.9,0.1,-1312.5,-1315,-1307.6,-161.27,0.031468,0.027516,0.027516,0.14388,0
79,0.1,-1328.5,-1328.1,-1320.6,-161.23,0.031468,0.027519,0.027519,0.14389,0
79.1,0.1,-1336.1,-1340.3,-1333.7,-161.22,0.031469,0.027522,0.027522,0.14391,0
79.2,0.1,-1334.3,-1353.9,-1346.5,-160.94,0.031469,0.027525,0.027525,0.14392,0
79.3,0.1,-1368.4,-1366.7,-1359.6,-160.92,0.03147,0.027528,0.027528,0.14394,0
79.4,0.1,-1380.7,-1379.8,-1372.5,-160.8,0.03147,0.02753,0.02753,0.14395,0
79.5,0.1,-1396.3,-1392.7,-1385.5,-160.74,0.031471,0.027533,0.027533,0.14397,0
79.6,0.1,-1392.7,-1405.7,-1398.5,-160.68,0.031471,0.027536,0.027536,0.14398,0
79.7,0.1,-1435,-1418.5,-1411.5,-160.61,0.031472,0.027538,0.027538,0.14399,0
79.8,0.1,-1438,-1431.4,-1424.4,-160.5,0.031472,0.027541,0.027541,0.14401,0
79.9,0.1,-1447.2,-1444.8,-1437.3,-160.37,0.031473,0.027544,0.027544,0.14402,0
80,0.1,-1466.6,-1457.3,-1450.3,-160.41,0.031473,0.027546,0.027546,0.14404,0
80.1,0.1,-1463.1,-1470.1,-1463.2,-160.29,0.031474,0.027549,0.027549,0.14405,0
80.2,0.1,-1470.3,-1483,-1476,-160.12,0.031474,0.027552,0.027552,0.14407,0
80.3,0.1,-1506,-1496.2,-1488.9,-160,0.031475,0.027555,0.027555,0.14408,0
80.4,0.1,-1499.4,-1508.7,-1501.9,-159.99,0.031475,0.027557,0.027557,0.14409,0
80.5,0.1,-1511.6,-1521.9,-1514.7,-159.83,0.031476,0.02756,0.02756,0.14411,0
80.6,0.1,-1522.6,-1535.2,-1527.6,-159.78,0.031476,0.027562,0.027562,0.14412,0
80.7,0.1,-1544,-1547.7,-1540.6,-159.85,0.031477,0.027565,0.027565,0.14414,0
80.8,0.1,-1565,-1560.7,-1553.5,-159.77,0.031477,0.027568,0.027568,0.14415,0
80.9,0.1,-1574.4,-1573.3,-1566.4,-159.73,0.031478,0.027571,0.027571,0.14417,0
81,0.1,-1591.2,-1586.1,-1579.2,-159.61,0.031478,0.027574,0.027574,0.14419,0
81.1,0.1,-1610.7,-1599,-1592,-159.5,0.031479,0.027577,0.027577,0.1442,0
81.2,0.1,-1607.3,-1611.8,-1604.8,-159.41,0.031479,0.02758,0.02758,0.14422,0
81.3,0.1,-1632.9,-1624.4,-1617.6,-159.3,0.03148,0.027583,0.027583,0.14423,0
81.4,0.1,-1632.6,-1637.3,-1630.4,-159.15,0.031481,0.027586,0.027586,0.14425,0
81.5,0.1,-1654.3,-1650.3,-1643.1,-159.03,0.031481,0.027589,0.027589,0.14426,0
81.6,0.1,-1646.5,-1662.8,-1656,-158.99,0.031482,0.027591,0.027591,0.14427,0
81.7,0.1,-1689,-1675.7,-1668.7,-158.87,0.031482,0.027594,0.027594,0.14429,0
81.8,0.1,-1689,-1689.2,-1681.5,-158.81,0.031483,0.027596,0.027596,0.1443,0
81.9,0.1,-1699.7,-1701.3,-1694.5,-158.94,0.031483,0.027599,0.027599,0.14431,0
82,0.1,-1704,-1714.5,-1707.2,-158.8,0.031483,0.027602,0.027602,0.14433,0
82.1,0.1,-1711.8,-1726.6,-1720.1,-158.83,0.031484,0.027605,0.027605,0.14435,0
82.2,0.1,-1729.1,-1740.1,-1732.7,-158.6,0.031485,0.027608,0.027608,0.14437,0
82.3,0.1,-1743.3,-1752.8,-1745.6,-158.65,0.031485,0.027611,0.027611,0.14438,0
82.4,0.1,-1736.6,-1764.9,-1758.4,-158.65,0.031486,0.027614,0.027614,0.1444,0
82.5,0.1,-1771.9,-1778.3,-1771,-158.43,0.031486,0.027617,0.027617,0.14442,0
82.6,0.1,-1791.5,-1791,-1783.8,-158.46,0.031487,0.027621,0.027621,0.14443,0
82.7,0.1,-1804.7,-1803.2,-1796.6,-158.44,0.031487,0.027624,0.027624,0.14445,0
82.8,0.1,-1820.7,-1816,-1809.2,-158.26,0.031488,0.027627,0.027627,0.14447,0
82.9,0.1,-1839.1,-1828.7,-1821.9,-158.15,0.031489,0.02763,0.02763,0.14448,0
83,0.1,-1828.3,-1841.4,-1834.6,-158.04,0.031489,0.027633,0.027633,0.1445,0
83.1,0.1,-1850,-1853.9,-1847.2,-157.94,0.03149,0.027636,0.027636,0.14451,0
83.2,0.1,-1874.1,-1867.2,-1859.8,-157.8,0.03149,0.027639,0.027639,0.14453,0
83.3,0.1,-1870.3,-1879.1,-1872.7,-157.87,0.031491,0.027641,0.027641,0.14454,0
83.4,0.1,-1902,-1891.8,-1885.2,-157.67,0.031491,0.027644,0.027644,0.14456,0
83.5,0.1,-1897.7,-1905,-1897.7,-157.52,0.031492,0.027647,0.027647,0.14457,0
83.6,0.1,-1910.4,-1917.4,-1910.5,-157.56,0.031492,0.027649,0.027649,0.14458,0
83.7,0.1,-1939.8,-1929.6,-1923.2,-157.49,0.031493,0.027652,0.027652,0.1446,0
83.8,0.1,-1949.8,-1943,-1935.6,-157.28,0.031493,0.027655,0.027655,0.14461,0
83.9,0.1,-1958.6,-1955.3,-1948.4,-157.37,0.031494,0.027657,0.027657,0.14463,0
84,0.1,-1978.3,-1968.1,-1961.1,-157.32,0.031494,0.02766,0.02766,0.14464,0
84.1,0.1,-1958.8,-1980.6,-1973.8,-157.3,0.031495,0.027663,0.027663,0.14466,0
84.2,0.1,-2002.5,-1992.8,-1986.4,-157.22,0.031495,0.027666,0.027666,0.14468,0
84.3,0.1,-1998.5,-2005.5,-1998.8,-157.04,0.031496,0.02767,0.02767,0.14469,0
84.4,0.1,-2019.6,-2018,-2011.4,-156.93,0.031497,0.027673,0.027673,0.14471,0
84.5,0.1,-2035,-2030.4,-2023.9,-156.81,0.031497,0.027675,0.027675,0.14472,0
84.6,0.1,-2029.8,-2043.4,-2036.4,-156.66,0.031498,0.027678,0.027678,0.14474,0
84.7,0.1,-2054.3,-2055.7,-2049,-156.68,0.031498,0.027681,0.027681,0.14475,0
84.8,0.1,-2083.2,-2068.3,-2061.5,-156.57,0.031499,0.027683,0.027683,0.14476,0
84.9,0.1,-2099.2,-2081.1,-2074.1,-156.5,0.031499,0.027686,0.027686,0.14478,0
85,0.1,-2102.1,-2093.9,-2086.7,-156.52,0.0315,0.027689,0.027689,0.14479,0
85.1,0.1,-2102.7,-2106.3,-2099.4,-156.58,0.0315,0.027691,0.027691,0.14481,0
85.2,0.1,-2123.4,-2119.1,-2112,-156.54,0.031501,0.027695,0.027695,0.14483,0
85.3,0.1,-2122.9,-2131.6,-2124.7,-156.6,0.031501,0.027698,0.027698,0.14485,0
85.4,0.1,-2146.5,-2143.8,-2137.3,-156.6,0.031502,0.027702,0.027702,0.14487,0
85.5,0.1,-2161.4,-2155.8,-2149.7,-156.47,0.031502,0.027706,0.027706,0.14489,0
85.6,0.1,-2164.2,-2168.5,-2162,-156.18,0.031503,0.027709,0.027709,0.14491,0
85.7,0.1,-2188.6,-2181,-2174.4,-156.05,0.031504,0.027713,0.027713,0.14492,0
85.8,0.1,-2204,-2193.4,-2186.9,-155.94,0.031504,0.027716,0.027716,0.14494,0
85.9,0.1,-2213.6,-2205.8,-2199.3,-155.83,0.031505,0.027718,0.027718,0.14495,0
86,0.1,-2217.2,-2217.7,-2211.7,-155.72,0.031506,0.027721,0.027721,0.14497,0
86.1,0.1,-2237.6,-2230.8,-2223.9,-155.42,0.031506,0.027723,0.027723,0.14498,0
86.2,0.1,-2225.2,-2243.1,-2236.4,-155.43,0.031507,0.027726,0.027726,0.14499,0
86.3,0.1,-2248.8,-2255.5,-2248.8,-155.35,0.031507,0.027728,0.027728,0.145,0
86.4,0.1,-2268.7,-2268.2,-2261.3,-155.29,0.031507,0.02773,0.02773,0.14501,0
86.5,0.1,-2286.5,-2280.4,-2273.8,-155.3,0.031508,0.027732,0.027732,0.14502,0
86.6,0.1,-2279.6,-2292.7,-2286.2,-155.22,0.031508,0.027734,0.027734,0.14503,0
86.7,0.1,-2292,-2305.1,-2298.5,-155.12,0.031509,0.027737,0.027737,0.14505,0
86.8,0.1,-2326.8,-2317.3,-2310.9,-155.02,0.031509,0.02774,0.02774,0.14506,0
86.9,0.1,-2333.6,-2330.1,-2323.2,-154.9,0.03151,0.027742,0.027742,0.14508,0
87,0.1,-2341.3,-2342.8,-2335.7,-154.92,0.03151,0.027745,0.027745,0.14509,0
87.1,0.1,-2362.9,-2354.9,-2348.3,-155.02,0.03151,0.027748,0.027748,0.14511,0
87.2,0.1,-2363.7,-2367.3,-2360.7,-154.98,0.031511,0.027751,0.027751,0.14512,0
87.3,0.1,-2385.4,-2379.2,-2373.1,-154.93,0.031512,0.027754,0.027754,0.14514,0
87.4,0.1,-2387.1,-2391.9,-2385.3,-154.72,0.031512,0.027757,0.027757,0.14516,0
87.5,0.1,-2403.9,-2404.5,-2397.6,-154.66,0.031513,0.027761,0.027761,0.14518,0
87.6,0.1,-2411.1,-2416.6,-2410.1,-154.7,0.031513,0.027764,0.027764,0.1452,0
87.7,0.1,-2434.1,-2429.1,-2422.4,-154.62,0.031514,0.027767,0.027767,0.14521,0
87.8,0.1,-2428.8,-2441,-2434.8,-154.59,0.031515,0.02777,0.02777,0.14523,0
87.9,0.1,-2472.4,-2453.8,-2447,-154.41,0.031515,0.027774,0.027774,0.14525,0
88,0.1,-2476.5,-2465.8,-2459.4,-154.42,0.031516,0.027777,0.027777,0.14527,0
88.1,0.1,-2461.9,-2478.1,-2471.7,-154.33,0.031516,0.02778,0.02778,0.14528,0
88.2,0.1,-2484.7,-2490.2,-2484,-154.21,0.031517,0.027783,0.027783,0.1453,0
88.3,0.1,-2507.6,-2502.6,-2496.2,-154.07,0.031518,0.027786,0.027786,0.14531,0
88.4,0.1,-2503.1,-2515.8,-2508.4,-154,0.031518,0.027789,0.027789,0.14533,0
88.5,0.1,-2513.4,-2527,-2521,-154.18,0.031519,0.027792,0.027792,0.14534,0
88.6,0.1,-2534.3,-2539.1,-2533.1,-153.97,0.031519,0.027795,0.027795,0.14536,0
88.7,0.1,-2547.6,-2552.3,-2545.2,-153.76,0.03152,0.027798,0.027798,0.14538,0
88.8,0.1,-2563,-2563.6,-2557.7,-153.89,0.03152,0.027801,0.027801,0.14539,0
88.9,0.1,-2570.8,-2575.9,-2569.8,-153.65,0.031521,0.027804,0.027804,0.14541,0
89,0.1,-2585.3,-2588.4,-2581.9,-153.5,0.031521,0.027807,0.027807,0.14542,0
89.1,0.1,-2605.7,-2600.9,-2594.2,-153.46,0.031522,0.02781,0.02781,0.14544,0
89.2,0.1,-2617.5,-2613.2,-2606.5,-153.48,0.031522,0.027812,0.027812,0.14545,0
89.3,0.1,-2609.4,-2625.2,-2618.8,-153.49,0.031523,0.027815,0.027815,0.14547,0
89.4,0.1,-2632.4,-2636.9,-2631,-153.41,0.031523,0.027818,0.027818,0.14548,0
89.5,0.1,-2650.5,-2649.5,-2643,-153.18,0.031524,0.027821,0.027821,0.1455,0
89.6,0.1,-2641.3,-2662.1,-2655.3,-153.15,0.031525,0.027824,0.027824,0.14551,0
89.7,0.1,-2677.5,-2673.8,-2667.6,-153.22,0.031525,0.027827,0.027827,0.14553,0
89.8,0.1,-2678.2,-2686,-2679.7,-153.1,0.031526,0.02783,0.02783,0.14555,0
89.9,0.1,-2684,-2698,-2691.9,-153.01,0.031526,0.027833,0.027833,0.14556,0
90,0.1,-2697.2,-2710.5,-2703.9,-152.86,0.031527,0.027836,0.027836,0.14558,0
90.1,0.1,-2710,-2722.6,-2716.2,-152.84,0.031527,0.027839,0.027839,0.14559,0
90.2,0.1,-2739.1,-2734.5,-2728.3,-152.8,0.031528,0.027842,0.027842,0.14561,0
90.3,0.1,-2752.8,-2746.9,-2740.4,-152.67,0.031528,0.027845,0.027845,0.14562,0
90.4,0.1,-2741.8,-2758.6,-2752.6,-152.65,0.031529,0.027848,0.027848,0.14564,0
90.5,0.1,-2771.7,-2770.9,-2764.6,-152.47,0.031529,0.027851,0.027851,0.14566,0
90.6,0.1,-2788.4,-2783.6,-2776.7,-152.4,0.03153,0.027853,0.027853,0.14567,0
90.7,0.1,-2784.6,-2795,-2789,-152.52,0.03153,0.027856,0.027856,0.14568,0
90.8,0.1,-2820.5,-2807.1,-2801,-152.34,0.031531,0.027859,0.027859,0.1457,0
90.9,0.1,-2821.8,-2819,-2813.1,-152.22,0.031532,0.027862,0.027862,0.14572,0
91,0.1,-2834.8,-2831.4,-2825,-152.05,0.031532,0.027865,0.027865,0.14573,0
91.1,0.1,-2851.4,-2843.6,-2837.1,-152,0.031533,0.027867,0.027867,0.14574,0
91.2,0.1,-2836.7,-2855.5,-2849.3,-152,0.031533,0.02787,0.02787,0.14576,0
91.3,0.1,-2867.8,-2867.4,-2861.3,-151.91,0.031534,0.027873,0.027873,0.14577,0
91.4,0.1,-2882,-2879.5,-2873.3,-151.79,0.031534,0.027875,0.027875,0.14579,0
91.5,0.1,-2883.1,-2891.8,-2885.3,-151.71,0.031535,0.027878,0.027878,0.1458,0
91.6,0.1,-2903.6,-2904,-2897.4,-151.69,0.031535,0.027881,0.027881,0.14582,0
91.7,0.1,-2923.7,-2916.1,-2909.6,-151.71,0.031536,0.027884,0.027884,0.14583,0
91.8,0.1,-2943.8,-2927.9,-2921.7,-151.75,0.031536,0.027887,0.027887,0.14585,0
91.9,0.1,-2942.6,-2940.2,-2933.8,-151.68,0.031537,0.02789,0.02789,0.14587,0
92,0.1,-2942.2,-2952.4,-2945.9,-151.68,0.031537,0.027893,0.027893,0.14589,0
92.1,0.1,-2971.4,-2964.1,-2958,-151.72,0.031538,0.027897,0.027897,0.14591,0
92.2,0.1,-2985.2,-2976,-2970,-151.61,0.031538,0.027901,0.027901,0.14593,0
92.3,0.1,-2986.5,-2988.1,-2981.9,-151.49,0.031539,0.027904,0.027904,0.14595,0
92.4,0.1,-2994.5,-3000.4,-2993.9,-151.4,0.03154,0.027908,0.027908,0.14597,0
92.5,0.1,-2992,-3011.9,-3006,-151.44,0.031541,0.027912,0.027912,0.14598,0
92.6,0.1,-3008.1,-3024.2,-3017.9,-151.26,0.031541,0.027915,0.027915,0.146,0
92.7,0.1,-3038.9,-3035.7,-3029.9,-151.23,0.031542,0.027918,0.027918,0.14602,0
92.8,0.1,-3049.9,-3048,-3041.8,-151.05,0.031542,0.027922,0.027922,0.14604,0
92.9,0.1,-3061,-3059.7,-3053.8,-151,0.031543,0.027925,0.027925,0.14605,0
93,0.1,-3062.7,-3071.7,-3065.6,-150.86,0.031544,0.027928,0.027928,0.14607,0
93.1,0.1,-3079.3,-3083.2,-3077.6,-150.78,0.031544,0.02793,0.02793,0.14608,0
93.2,0.1,-3090.5,-3095.1,-3089.3,-150.56,0.031545,0.027933,0.027933,0.14609,0
93.3,0.1,-3104.1,-3107.5,-3101.1,-150.39,0.031545,0.027935,0.027935,0.1461,0
93.4,0.1,-3127.4,-3119.7,-3113.1,-150.4,0.031546,0.027937,0.027937,0.14611,0
93.5,0.1,-3113.2,-3131.2,-3125.2,-150.49,0.031546,0.02794,0.02794,0.14613,0
93.6,0.1,-3152.2,-3143.3,-3137.1,-150.39,0.031546,0.027942,0.027942,0.14614,0
93.7,0.1,-3168.7,-3155.5,-3149,-150.38,0.031547,0.027945,0.027945,0.14616,0
93.8,0.1,-3157.1,-3166.9,-3161.1,-150.42,0.031547,0.027948,0.027948,0.14617,0
93.9,0.1,-3167.7,-3178.6,-3172.9,-150.28,0.031548,0.027951,0.027951,0.14619,0
94,0.1,-3176.3,-3190.3,-3184.6,-150.12,0.031548,0.027954,0.027954,0.14621,0
94.1,0.1,-3216.1,-3202.2,-3196.4,-149.94,0.031549,0.027957,0.027957,0.14622,0
94.2,0.1,-3239.4,-3214.3,-3208.1,-149.8,0.03155,0.02796,0.02796,0.14624,0
94.3,0.1,-3232.2,-3226.2,-3220,-149.78,0.03155,0.027962,0.027962,0.14625,0
94.4,0.1,-3234.7,-3238.2,-3231.9,-149.77,0.031551,0.027965,0.027965,0.14626,0
94.5,0.1,-3266.6,-3250.4,-3243.9,-149.78,0.031551,0.027967,0.027967,0.14627,0
94.6,0.1,-3273.2,-3261.1,-3255.9,-149.89,0.031552,0.02797,0.02797,0.14629,0
94.7,0.1,-3263.7,-3273.7,-3267.5,-149.59,0.031552,0.027973,0.027973,0.14631,0
94.8,0.1,-3277.5,-3285.3,-3279.4,-149.6,0.031553,0.027976,0.027976,0.14633,0
94.9,0.1,-3315.2,-3296.6,-3291.2,-149.52,0.031553,0.027979,0.027979,0.14634,0
95,0.1,-3319.8,-3308.7,-3302.8,-149.3,0.031554,0.027982,0.027982,0.14636,0
95.1,0.1,-3327.1,-3321.2,-3314.6,-149.21,0.031554,0.027985,0.027985,0.14637,0
95.2,0.1,-3331,-3333.1,-3326.6,-149.35,0.031555,0.027988,0.027988,0.14638,0
95.3,0.1,-3359.8,-3344.5,-3338.6,-149.45,0.031555,0.027991,0.027991,0.1464,0
95.4,0.1,-3343.7,-3356.4,-3350.3,-149.39,0.031556,0.027994,0.027994,0.14642,0
95.5,0.1,-3363.7,-3368.1,-3362.2,-149.36,0.031556,0.027998,0.027998,0.14644,0
95.6,0.1,-3397.4,-3379.9,-3373.9,-149.27,0.031557,0.028002,0.028002,0.14646,0
95.7,0.1,-3387.3,-3391.9,-3385.7,-149.22,0.031558,0.028005,0.028005,0.14648,0
95.8,0.1,-3404.7,-3403,-3397.6,-149.22,0.031558,0.028009,0.028009,0.1465,0
95.9,0.1,-3438.2,-3415.3,-3409.2,-149.02,0.031559,0.028013,0.028013,0.14652,0
96,0.1,-3428.7,-3426.9,-3421,-149.03,0.03156,0.028016,0.028016,0.14654,0
96.1,0.1,-3432.7,-3438.7,-3432.8,-148.97,0.03156,0.02802,0.02802,0.14656,0
96.2,0.1,-3462.9,-3450.4,-3444.5,-148.92,0.031561,0.028023,0.028023,0.14658,0
96.3,0.1,-3460,-3461.4,-3456.3,-148.85,0.031562,0.028026,0.028026,0.1466,0
96.4,0.1,-3482.8,-3474.1,-3467.7,-148.54,0.031562,0.02803,0.02803,0.14661,0
96.5,0.1,-3470.4,-3485.2,-3479.6,-148.65,0.031563,0.028033,0.028033,0.14663,0
96.6,0.1,-3483.7,-3497.3,-3491.2,-148.49,0.031564,0.028036,0.028036,0.14664,0
96.7,0.1,-3515.8,-3508.7,-3503,-148.49,0.031564,0.028038,0.028038,0.14666,0
96.8,0.1,-3527.8,-3520.6,-3514.6,-148.4,0.031565,0.028041,0.028041,0.14667,0
96.9,0.1,-3552.2,-3531.8,-3526.4,-148.38,0.031565,0.028044,0.028044,0.14669,0
97,0.1,-3538.3,-3543.5,-3537.9,-148.19,0.031566,0.028047,0.028047,0.1467,0
97.1,0.1,-3548,-3555.5,-3549.5,-148.03,0.031566,0.02805,0.02805,0.14672,0
97.2,0.1,-3567.4,-3567.1,-3561.2,-148.03,0.031567,0.028052,0.028052,0.14673,0
97.3,0.1,-3574.7,-3578.8,-3572.9,-148,0.031567,0.028055,0.028055,0.14674,0
97.4,0.1,-3587.3,-3590,-3584.6,-147.97,0.031568,0.028058,0.028058,0.14676,0
97.5,0.1,-3606.9,-3602.1,-3596.1,-147.79,0.031568,0.02806,0.02806,0.14677,0
97.6,0.1,-3593.4,-3613.3,-3607.8,-147.8,0.031569,0.028063,0.028063,0.14679,0
97.7,0.1,-3623.2,-3624.8,-3619.3,-147.63,0.031569,0.028066,0.028066,0.1468,0
97.8,0.1,-3639.4,-3637.2,-3630.8,-147.48,0.03157,0.028069,0.028069,0.14682,0
97.9,0.1,-3661,-3648.7,-3642.6,-147.59,0.03157,0.028071,0.028071,0.14683,0
98,0.1,-3656.8,-3660.3,-3654.3,-147.62,0.031571,0.028074,0.028074,0.14684,0
98.1,0.1,-3675.1,-3671.8,-3666,-147.61,0.031571,0.028077,0.028077,0.14686,0
98.2,0.1,-3696.7,-3683.3,-3677.6,-147.57,0.031572,0.02808,0.02808,0.14688,0
98.3,0.1,-3689.6,-3694.9,-3689.2,-147.48,0.031572,0.028084,0.028084,0.1469,0
98.4,0.1,-3723.1,-3706.8,-3700.8,-147.41,0.031573,0.028087,0.028087,0.14692,0
98.5,0.1,-3721.1,-3718,-3712.5,-147.44,0.031574,0.028091,0.028091,0.14694,0
98.6,0.1,-3721.5,-3729.5,-3724,-147.32,0.031574,0.028094,0.028094,0.14696,0
98.7,0.1,-3733.4,-3741.5,-3735.5,-147.21,0.031575,0.028098,0.028098,0.14698,0
98.8,0.1,-3760.3,-3752.6,-3747.2,-147.24,0.031576,0.028101,0.028101,0.14699,0
98.9,0.1,-3758.6,-3764.5,-3758.6,-147.09,0.031576,0.028104,0.028104,0.14701,0
99,0.1,-3789.5,-3776.1,-3770.2,-147.09,0.031577,0.028108,0.028108,0.14703,0
99.1,0.1,-3796.9,-3787.1,-3781.9,-147.09,0.031577,0.028111,0.028111,0.14705,0
99.2,0.1,-3810,-3798.6,-3793.2,-146.87,0.031578,0.028114,0.028114,0.14706,0
99.3,0.1,-3807.1,-3810.6,-3804.6,-146.71,0.031579,0.028118,0.028118,0.14708,0
99.4,0.1,-3828.9,-3822.2,-3816.3,-146.74,0.031579,0.02812,0.02812,0.14709,0
99.5,0.1,-3838.5,-3833.3,-3827.9,-146.77,0.03158,0.028123,0.028123,0.14711,0
99.6,0.1,-3865.4,-3845.1,-3839.3,-146.64,0.03158,0.028126,0.028126,0.14713,0
99.7,0.1,-3844.8,-3856,-3850.9,-146.63,0.031581,0.028129,0.028129,0.14714,0
99.8,0.1,-3859.7,-3867.8,-3862.2,-146.41,0.031581,0.028132,0.028132,0.14716,0
99.9,0.1,-3870.6,-3879.2,-3873.7,-146.34,0.031582,0.028135,0.028135,0.14717,0
100,0.1,-3898.5,-3890.5,-3885.1,-146.25,0.031582,0.028138,0.028138,0.14719,0
